,Pk,Tm,Player,College,Yrs,G,MP,PTS,TRB,AST,FG%,3P%,FT%,MP,PTS,TRB,AST,WS,WS/48,BPM,VORP
0,1,CHI,Derrick Rose,Memphis,13,672,21317,12230,2239,3646,.457,.316,.830,31.7,18.2,3.3,5.4,44.2,.099,1.4,18.2
1,2,MIA,Michael Beasley,Kansas State,11,609,13903,7568,2861,788,.465,.349,.759,22.8,12.4,4.7,1.3,15.6,.054,-1.7,0.9
2,3,MIN,O.J. Mayo,USC,8,547,16919,7574,1706,1607,.429,.373,.820,30.9,13.8,3.1,2.9,21.8,.062,-0.9,4.7
3,4,SEA,Russell Westbrook,UCLA,14,972,33797,22426,7187,8306,.438,.306,.788,34.8,23.1,7.4,8.5,106.3,.151,4.5,55.5
4,5,MEM,Kevin Love,UCLA,14,760,23861,13563,8287,1801,.441,.372,.830,31.4,17.8,10.9,2.4,84.9,.171,3.3,32.1
5,6,NYK,Danilo Gallinari,,13,687,20654,10797,3301,1347,.427,.383,.876,30.1,15.7,4.8,2.0,61.9,.144,1.9,20.3
6,7,LAC,Eric Gordon,Indiana,14,716,23305,11851,1742,2042,.427,.370,.810,32.5,16.6,2.4,2.9,35.5,.073,-0.5,8.9
7,8,MIL,Joe Alexander,West Virginia,2,67,745,282,120,44,.410,.340,.698,11.1,4.2,1.8,0.7,0.5,.030,-3.6,-0.3
8,9,CHA,D.J. Augustin,Texas,14,946,22329,9089,1763,3716,.412,.381,.867,23.6,9.6,1.9,3.9,47.3,.102,-0.6,7.8
9,10,NJN,Brook Lopez,Stanford,14,856,25922,14094,5359,1240,.494,.340,.796,30.3,16.5,6.3,1.4,70.9,.131,1.3,21.7
10,11,IND,Jerryd Bayless,Arizona,11,586,12486,4909,1235,1674,.411,.361,.818,21.3,8.4,2.1,2.9,18.6,.072,-1.6,1.1
11,12,SAC,Jason Thompson,Rider University,8,588,14819,5210,3880,635,.496,.143,.657,25.2,8.9,6.6,1.1,23.8,.077,-2.6,-2.4
12,13,POR,Brandon Rush,Kansas,9,481,10564,3250,1413,468,.426,.402,.706,22.0,6.8,2.9,1.0,11.2,.051,-1.4,1.6
13,14,GSW,Anthony Randolph,LSU,6,252,3841,1789,1078,187,.453,.241,.740,15.2,7.1,4.3,0.7,5.8,.072,-1.6,0.4
14,15,PHO,Robin Lopez,Stanford,14,914,20121,8014,4514,753,.536,.291,.745,22.0,8.8,4.9,0.8,48.6,.116,-1.0,4.9
15,16,PHI,Marreese Speights,Florida,10,705,10640,5592,2875,461,.459,.356,.797,15.1,7.9,4.1,0.7,25.8,.116,-2.2,-0.6
16,17,TOR,Roy Hibbert,Georgetown,9,662,16389,6611,4173,885,.465,.250,.755,24.8,10.0,6.3,1.3,35.9,.105,-1.1,3.5
17,18,WAS,JaVale McGee,Nevada,14,775,13258,6152,4058,334,.574,.180,.599,17.1,7.9,5.2,0.4,39.8,.144,0.1,7.0
18,19,CLE,J.J. Hickson,NC State,8,534,11925,5081,3639,449,.505,.000,.617,22.3,9.5,6.8,0.8,21.9,.088,-1.8,0.5
19,20,CHA,Alexis Ajinça,,7,293,3905,1553,1150,143,.503,.286,.797,13.3,5.3,3.9,0.5,7.5,.093,-2.8,-0.8
20,21,NJN,Ryan Anderson,California,12,649,16769,8001,3413,586,.422,.380,.854,25.8,12.3,5.3,0.9,46.7,.134,1.0,12.8
21,22,ORL,Courtney Lee,Western Kentucky,12,811,21938,7765,2127,1353,.451,.388,.853,27.1,9.6,2.6,1.7,39.3,.086,-0.6,7.9
22,23,UTA,Kosta Koufos,Ohio State,11,686,11271,3913,3452,359,.534,.000,.582,16.4,5.7,5.0,0.5,28.3,.120,-1.3,2.0
23,24,SEA,Serge Ibaka,,13,860,24218,10644,6253,709,.513,.359,.759,28.2,12.4,7.3,0.8,71.0,.141,0.5,15.5
24,25,HOU,Nicolas Batum,,14,871,26968,9795,4531,3137,.437,.362,.839,31.0,11.2,5.2,3.6,61.1,.109,1.6,24.7
25,26,SAS,George Hill,IUPUI,14,839,23049,9158,2575,2637,.457,.383,.805,27.5,10.9,3.1,3.1,68.1,.142,1.3,19.0
26,27,NOH,Darrell Arthur,Kansas,9,503,8945,3282,1768,409,.444,.352,.765,17.8,6.5,3.5,0.8,12.3,.066,-2.2,-0.4
27,28,MEM,Donté Greene,Syracuse,4,253,4259,1541,600,183,.406,.304,.701,16.8,6.1,2.4,0.7,1.5,.017,-2.8,-0.9
28,29,DET,D.J. White,Indiana,6,138,2111,810,437,80,.507,.333,.720,15.3,5.9,3.2,0.6,3.8,.087,-2.1,0.0
29,30,BOS,J.R. Giddens,New Mexico,2,38,247,73,54,13,.476,.000,.565,6.5,1.9,1.4,0.3,0.1,.027,-4.3,-0.1
32,31,MIN,Nikola Peković,,6,271,6744,3405,1807,199,.518,,.760,24.9,12.6,6.7,0.7,18.8,.134,-0.7,2.2
33,32,SEA,Walter Sharpe,UAB,1,8,20,8,3,0,.364,.000,.000,2.5,1.0,0.4,0.0,-0.1,-.131,-10.1,0.0
34,33,POR,Joey Dorsey,Memphis,4,130,1488,344,513,55,.534,.000,.375,11.4,2.6,3.9,0.4,2.9,.092,-2.7,-0.3
35,34,MIN,Mario Chalmers,Kansas,9,646,17245,5743,1585,2412,.417,.351,.793,26.7,8.9,2.5,3.7,32.3,.090,-0.6,5.9
36,35,LAC,DeAndre Jordan,Texas A&M,14,955,25877,8832,10012,919,.674,.083,.475,27.1,9.2,10.5,1.0,93.6,.174,1.3,21.8
37,36,POR,Ömer Aşık,,8,471,9216,2479,3362,280,.528,.000,.551,19.6,5.3,7.1,0.6,20.9,.109,-1.9,0.1
38,37,MIL,Luc Mbah a Moute,UCLA,12,689,16038,4380,2800,588,.454,.334,.659,23.3,6.4,4.1,0.9,26.0,.078,-1.5,2.0
39,38,CHA,Kyle Weaver,Washington State,3,73,1379,363,158,119,.441,.353,.736,18.9,5.0,2.2,1.6,1.5,.051,-1.1,0.3
40,39,CHI,Sonny Weems,Arkansas,4,183,3335,1189,402,257,.465,.283,.702,18.2,6.5,2.2,1.4,0.0,.001,-4.2,-1.8
41,40,NJN,Chris Douglas-Roberts,Memphis,6,222,4381,1571,472,254,.439,.329,.831,19.7,7.1,2.1,1.1,5.4,.059,-2.2,-0.2
42,41,IND,Nathan Jawai,,2,45,431,126,106,24,.435,.000,.684,9.6,2.8,2.4,0.5,0.2,.020,-4.4,-0.3
43,42,SAC,Sean Singletary,Virginia,1,37,303,90,35,29,.365,.400,.857,8.2,2.4,0.9,0.8,0.0,.006,-5.1,-0.2
44,43,SAC,Patrick Ewing,Georgetown,1,7,19,3,2,2,.000,.000,.750,2.7,0.4,0.3,0.3,-0.1,-.158,-9.1,0.0
45,44,UTA,Ante Tomić,,,,,,,,,,,,,,,,,,
46,45,SAS,Goran Dragić,,14,872,24326,12086,2684,4177,.462,.364,.767,27.9,13.9,3.1,4.8,56.2,.111,0.6,16.2
47,46,SEA,Trent Plaisted,Brigham Young University Hawaii,,,,,,,,,,,,,,,,,
48,47,WAS,Henry Walker,Kansas State,5,181,3016,1079,401,153,.446,.369,.760,16.7,6.0,2.2,0.8,5.0,.079,-1.8,0.2
49,48,PHO,Malik Hairston,Oregon,2,62,472,149,77,29,.512,.167,.514,7.6,2.4,1.2,0.5,0.8,.086,-2.0,0.0
50,49,GSW,Richard Hendrix,Alabama,,,,,,,,,,,,,,,,,
51,50,SEA,DeVon Hardin,California,,,,,,,,,,,,,,,,,
52,51,DAL,Shan Foster,Vanderbilt,,,,,,,,,,,,,,,,,
53,52,MIA,Darnell Jackson,Kansas,3,138,1039,308,203,26,.449,.235,.644,7.5,2.2,1.5,0.2,1.3,.059,-5.2,-0.8
54,53,UTA,Tadija Dragićević,,,,,,,,,,,,,,,,,,
55,54,HOU,Maarty Leunen,Oregon,,,,,,,,,,,,,,,,,
56,55,POR,Mike Taylor,Iowa State,1,51,771,289,87,106,.412,.325,.691,15.1,5.7,1.7,2.1,-0.4,-.028,-5.2,-0.6
57,56,SEA,Sasha Kaun,Kansas,1,25,95,23,26,3,.529,,.455,3.8,0.9,1.0,0.1,0.2,.096,-2.8,0.0
58,57,SAS,James Gist,Maryland,,,,,,,,,,,,,,,,,
59,58,LAL,Joe Crawford,Kentucky,1,2,23,9,4,1,.300,.250,1.000,11.5,4.5,2.0,0.5,0.0,.037,-2.7,0.0
60,59,DET,Deron Washington,Virginia Tech,,,,,,,,,,,,,,,,,
61,60,BOS,Semih Erden,,2,69,928,262,190,29,.546,,.594,13.4,3.8,2.8,0.4,1.8,.094,-3.6,-0.4
62,1,LAC,Blake Griffin,Oklahoma,12,689,23311,14115,5829,2932,.494,.327,.696,33.8,20.5,8.5,4.3,78.0,.161,3.4,32.0
63,2,MEM,Hasheem Thabeet,UConn,5,224,2357,483,595,27,.567,,.578,10.5,2.2,2.7,0.1,4.8,.099,-2.7,-0.4
64,3,OKC,James Harden,Arizona State,13,903,31140,22587,5000,5980,.443,.363,.859,34.5,25.0,5.5,6.6,144.9,.223,6.8,69.4
65,4,SAC,Tyreke Evans,Memphis,10,594,18242,9347,2720,2852,.440,.323,.757,30.7,15.7,4.6,4.8,28.4,.075,0.8,13.1
66,5,MIN,Ricky Rubio,,11,661,20008,7333,2735,5014,.389,.326,.843,30.3,11.1,4.1,7.6,41.8,.100,0.6,13.0
67,6,MIN,Jonny Flynn,Syracuse,3,163,3738,1504,307,634,.400,.338,.809,22.9,9.2,1.9,3.9,-1.1,-.015,-4.0,-1.9
68,7,GSW,Stephen Curry,Davidson,13,789,27077,19159,3652,5150,.475,.431,.907,34.3,24.3,4.6,6.5,116.7,.207,6.6,58.6
69,8,NYK,Jordan Hill,Arizona,8,409,7692,3232,2389,322,.497,.136,.699,18.8,7.9,5.8,0.8,16.4,.102,-2.0,0.0
70,9,TOR,DeMar DeRozan,USC,13,905,30892,18384,3962,3453,.462,.283,.835,34.1,20.3,4.4,3.8,78.3,.122,0.7,20.6
71,10,MIL,Brandon Jennings,,9,555,16844,7801,1659,3151,.387,.345,.796,30.3,14.1,3.0,5.7,29.9,.085,0.8,11.8
72,11,NJN,Terrence Williams,Louisville,4,153,2922,1085,545,364,.412,.317,.659,19.1,7.1,3.6,2.4,-0.2,-.004,-2.8,-0.6
73,12,CHA,Gerald Henderson,Duke,8,535,13854,5987,1716,1009,.440,.327,.793,25.9,11.2,3.2,1.9,18.3,.063,-1.8,0.6
74,13,IND,Tyler Hansbrough,UNC,7,428,7233,2881,1808,181,.439,.136,.738,16.9,6.7,4.2,0.4,20.2,.134,-2.0,0.0
75,14,PHO,Earl Clark,Louisville,6,261,3630,1138,778,134,.403,.328,.664,13.9,4.4,3.0,0.5,2.9,.038,-2.8,-0.8
76,15,DET,Austin Daye,Gonzaga,6,293,4132,1522,764,212,.402,.351,.778,14.1,5.2,2.6,0.7,4.5,.053,-2.0,0.0
77,16,CHI,James Johnson,Wake Forest,13,703,14451,5510,2532,1488,.475,.305,.683,20.6,7.8,3.6,2.1,26.5,.088,0.6,9.5
78,17,PHI,Jrue Holiday,UCLA,13,796,26384,12754,3166,5072,.457,.358,.775,33.1,16.0,4.0,6.4,51.6,.094,1.4,22.5
79,18,MIN,Ty Lawson,UNC,8,551,16088,6977,1506,3316,.460,.359,.770,29.2,12.7,2.7,6.0,42.1,.126,1.4,13.6
80,19,ATL,Jeff Teague,Wake Forest,12,826,22164,10061,1989,4585,.444,.360,.844,26.8,12.2,2.4,5.6,52.4,.113,0.6,14.3
81,20,UTA,Eric Maynor,VCU,5,267,3896,1141,348,760,.392,.350,.721,14.6,4.3,1.3,2.8,3.3,.041,-2.9,-0.8
82,21,NOH,Darren Collison,UCLA,10,708,20796,8857,1885,3543,.471,.394,.853,29.4,12.5,2.7,5.0,49.9,.115,0.6,13.5
83,22,POR,Victor Claver,,3,80,1072,258,178,56,.398,.293,.585,13.4,3.2,2.2,0.7,0.2,.011,-3.6,-0.4
84,23,SAC,Omri Casspi,,10,588,11959,4642,2355,662,.454,.368,.678,20.3,7.9,4.0,1.1,19.6,.078,-0.8,3.5
85,24,DAL,Byron Mullens,Ohio State,5,189,3446,1398,790,153,.408,.319,.706,18.2,7.4,4.2,0.8,0.6,.008,-4.0,-1.8
86,25,OKC,Rodrigue Beaubois,,4,182,2896,1286,338,374,.439,.325,.810,15.9,7.1,1.9,2.1,4.8,.079,-0.1,1.4
87,26,CHI,Taj Gibson,USC,13,857,21269,7903,5307,857,.517,.214,.711,24.8,9.2,6.2,1.0,56.5,.127,-0.7,7.0
88,27,MEM,DeMarre Carroll,Missouri,11,578,13675,5150,2454,726,.430,.358,.741,23.7,8.9,4.2,1.3,29.5,.104,0.0,6.7
89,28,MIN,Wayne Ellington,UNC,13,748,15718,6042,1598,836,.410,.382,.843,21.0,8.1,2.1,1.1,20.7,.063,-1.5,2.0
90,29,LAL,Toney Douglas,Florida State,8,394,7511,3009,875,889,.404,.354,.824,19.1,7.6,2.2,2.3,12.1,.077,-0.8,2.2
91,30,CLE,Christian Eyenga,,2,51,1049,320,137,40,.411,.277,.611,20.6,6.3,2.7,0.8,-0.4,-.020,-4.2,-0.6
94,31,SAC,Jeff Ayres,Arizona State,6,237,2322,690,632,99,.553,.400,.776,9.8,2.9,2.7,0.4,6.3,.131,-2.3,-0.2
95,32,WAS,Jermaine Taylor,Central Florida,2,65,786,351,108,48,.441,.284,.730,12.1,5.4,1.7,0.7,0.2,.014,-3.7,-0.3
96,33,POR,Dante Cunningham,Villanova,10,715,14875,4133,2676,506,.469,.345,.649,20.8,5.8,3.7,0.7,24.9,.080,-1.7,1.1
97,34,DEN,Sergio Llull,,,,,,,,,,,,,,,,,,
98,35,DET,DaJuan Summers,Georgetown,4,83,820,278,82,29,.384,.367,.642,9.9,3.3,1.0,0.3,-0.1,-.008,-5.8,-0.8
99,36,MEM,Sam Young,Pitt,4,249,3966,1436,573,180,.442,.280,.742,15.9,5.8,2.3,0.7,5.2,.063,-2.1,-0.1
100,37,SAS,DeJuan Blair,Pitt,7,424,7054,2865,2153,349,.524,.000,.608,16.6,6.8,5.1,0.8,19.0,.129,-1.2,1.4
101,38,POR,Jon Brockman,Washington,3,150,1570,320,472,49,.488,.000,.618,10.5,2.1,3.1,0.3,3.7,.113,-3.9,-0.8
102,39,DET,Jonas Jerebko,,9,635,11323,3919,2522,525,.457,.363,.770,17.8,6.2,4.0,0.8,25.8,.109,-1.0,2.9
103,40,CHA,Derrick Brown,Xavier,3,171,2554,895,413,119,.515,.317,.637,14.9,5.2,2.4,0.7,4.5,.085,-1.3,0.4
104,41,MIL,Jodie Meeks,Kentucky,10,539,12110,4988,1120,583,.420,.373,.879,22.5,9.3,2.1,1.1,24.3,.096,-0.6,4.2
105,42,LAL,Patrick Beverley,Arkansas,10,488,13456,4294,2084,1664,.416,.381,.760,27.6,8.8,4.3,3.4,32.0,.114,0.9,10.0
106,43,MIA,Marcus Thornton,LSU,8,483,11299,5750,1348,677,.425,.358,.830,23.4,11.9,2.8,1.4,20.0,.085,0.2,6.2
107,44,DET,Chase Budinger,Arizona,7,407,7998,3198,1240,473,.430,.352,.797,19.7,7.9,3.0,1.2,13.9,.083,-0.5,2.9
108,45,MIN,Nick Calathes,Florida,2,129,2011,590,243,353,.441,.288,.581,15.6,4.6,1.9,2.7,2.6,.063,-0.5,0.8
109,46,CLE,Danny Green,UNC,13,780,19948,6939,2716,1233,.422,.400,.806,25.6,8.9,3.5,1.6,48.1,.116,2.0,19.8
110,47,MIN,Henk Norel,,,,,,,,,,,,,,,,,,
111,48,PHO,Taylor Griffin,Oklahoma,1,8,32,10,2,1,.400,.000,.500,4.0,1.3,0.3,0.1,0.0,-.039,-8.1,-0.1
112,49,ATL,Sergiy Gladyr,,,,,,,,,,,,,,,,,,
113,50,UTA,Goran Suton,Michigan State,,,,,,,,,,,,,,,,,
114,51,SAS,Jack McClinton,Miami (FL),,,,,,,,,,,,,,,,,
115,52,IND,A.J. Price,UConn,6,261,3929,1523,377,567,.380,.316,.742,15.1,5.8,1.4,2.2,4.7,.058,-1.3,0.7
116,53,SAS,Nando De Colo,,2,119,1414,453,211,203,.429,.363,.835,11.9,3.8,1.8,1.7,2.4,.081,-0.7,0.5
117,54,CHA,Robert Vaden,UAB,,,,,,,,,,,,,,,,,
118,55,POR,Patty Mills,Saint Mary's,13,768,15531,6983,1289,1780,.430,.391,.858,20.2,9.1,1.7,2.3,34.4,.106,0.3,9.0
119,56,DAL,Ahman Nivins,Saint Joseph's,,,,,,,,,,,,,,,,,
120,57,PHO,Emir Preldžić,,,,,,,,,,,,,,,,,,
121,58,BOS,Lester Hudson,University of Tennessee at Martin,4,57,594,268,77,71,.375,.277,.806,10.4,4.7,1.4,1.2,0.2,.016,-2.1,0.0
122,59,LAL,Chinemelu Elonu,Texas A&M,,,,,,,,,,,,,,,,,
123,60,MIA,Robert Dozier,Memphis,,,,,,,,,,,,,,,,,
124,1,WAS,John Wall,Kentucky,10,613,21833,11702,2612,5557,.431,.323,.779,35.6,19.1,4.3,9.1,44.1,.097,2.4,24.1
125,2,PHI,Evan Turner,Ohio State,10,705,18938,6824,3278,2462,.434,.294,.782,26.9,9.7,4.6,3.5,20.2,.051,-1.9,0.5
126,3,NJN,Derrick Favors,Georgia Tech,12,772,18899,8272,5532,838,.534,.205,.663,24.5,10.7,7.2,1.1,59.5,.151,0.9,13.7
127,4,MIN,Wesley Johnson,Syracuse,9,609,13472,4235,1924,645,.404,.337,.741,22.1,7.0,3.2,1.1,10.7,.038,-1.6,1.2
128,5,SAC,DeMarcus Cousins,Kentucky,11,613,18878,12403,6422,1915,.459,.332,.737,30.8,20.2,10.5,3.1,45.3,.115,2.5,21.6
129,6,GSW,Ekpe Udoh,Baylor,7,384,5694,1353,1100,260,.453,.000,.718,14.8,3.5,2.9,0.7,10.4,.088,-1.4,0.8
130,7,DET,Greg Monroe,Georgetown,9,632,17475,8326,5229,1354,.514,.059,.704,27.7,13.2,8.3,2.1,49.7,.136,1.4,15.2
131,8,LAC,Al-Farouq Aminu,Wake Forest,11,711,17698,5350,4280,879,.420,.332,.746,24.9,7.5,6.0,1.2,27.6,.075,-0.6,6.4
132,9,UTA,Gordon Hayward,Butler,12,715,22298,11228,3225,2517,.454,.371,.826,31.2,15.7,4.5,3.5,59.5,.128,2.0,22.7
133,10,IND,Paul George,Fresno State,12,730,24525,14874,4697,2595,.436,.381,.848,33.6,20.4,6.4,3.6,76.5,.150,4.0,37.1
134,11,NOH,Cole Aldrich,Kansas,8,339,3389,1050,1131,183,.527,,.738,10.0,3.1,3.3,0.5,9.6,.135,0.1,1.8
135,12,MEM,Xavier Henry,Kansas,5,185,2905,1050,351,120,.406,.325,.635,15.7,5.7,1.9,0.6,0.8,.013,-4.4,-1.7
136,13,TOR,Ed Davis,UNC,12,701,13651,4282,4584,533,.567,.000,.584,19.5,6.1,6.5,0.8,43.1,.151,-0.2,6.2
137,14,HOU,Patrick Patterson,Kentucky,11,719,14923,4782,2799,736,.447,.369,.755,20.8,6.7,3.9,1.0,31.9,.102,-0.1,7.4
138,15,MIL,Larry Sanders,VCU,6,238,4635,1520,1345,174,.480,.000,.553,19.5,6.4,5.7,0.7,10.3,.107,-1.1,1.1
139,16,MIN,Luke Babbitt,Nevada,8,381,5332,1818,846,224,.408,.402,.747,14.0,4.8,2.2,0.6,7.2,.065,-2.1,-0.1
140,17,CHI,Kevin Séraphin,,7,423,6430,2516,1462,246,.489,.000,.715,15.2,5.9,3.5,0.6,5.9,.044,-4.3,-3.6
141,18,OKC,Eric Bledsoe,Kentucky,12,731,20426,10090,2866,3427,.453,.336,.785,27.9,13.8,3.9,4.7,46.0,.108,1.6,18.5
142,19,BOS,Avery Bradley,Texas,12,624,17344,7037,1793,1078,.434,.364,.781,27.8,11.3,2.9,1.7,16.7,.046,-2.3,-1.5
143,20,SAS,James Anderson,Oklahoma State,5,247,4320,1422,560,291,.411,.321,.755,17.5,5.8,2.3,1.2,3.3,.037,-2.7,-0.8
144,21,OKC,Craig Brackins,Iowa State,2,17,121,30,19,9,.265,.214,.500,7.1,1.8,1.1,0.5,-0.2,-.089,-9.9,-0.2
145,22,POR,Elliot Williams,Memphis,4,109,1470,537,161,94,.421,.310,.669,13.5,4.9,1.5,0.9,0.7,.024,-4.9,-1.1
146,23,MIN,Trevor Booker,Clemson,8,532,10872,3679,2932,566,.515,.305,.636,20.4,6.9,5.5,1.1,26.2,.116,-0.5,4.2
147,24,ATL,Damion James,Texas,4,39,623,150,131,26,.415,.000,.667,16.0,3.8,3.4,0.7,0.0,-.001,-3.7,-0.3
148,25,MEM,Dominique Jones,South Florida,3,80,741,246,114,144,.366,.095,.729,9.3,3.1,1.4,1.8,0.3,.017,-2.4,-0.1
149,26,OKC,Quincy Pondexter,Washington,7,355,5530,1609,640,263,.423,.356,.746,15.6,4.5,1.8,0.7,9.7,.084,-1.8,0.3
150,27,NJN,Jordan Crawford,Xavier,6,281,6843,3432,703,883,.411,.317,.826,24.4,12.2,2.5,3.1,6.3,.044,-1.3,1.3
151,28,MEM,Greivis Vásquez,Maryland,7,401,9520,3591,1021,1935,.418,.349,.817,23.7,9.0,2.5,4.8,12.6,.064,-1.2,1.9
152,29,ORL,Daniel Orton,Kentucky,3,51,542,143,126,24,.485,.000,.597,10.6,2.8,2.5,0.5,1.0,.093,-3.5,-0.2
153,30,WAS,Lazar Hayward,Marquette,3,72,591,207,90,35,.347,.269,.767,8.2,2.9,1.3,0.5,0.2,.020,-4.2,-0.3
156,31,NJN,Tibor Pleiß,,1,12,82,24,15,2,.440,.000,1.000,6.8,2.0,1.3,0.2,-0.1,-.041,-11.6,-0.2
157,32,MIA,Dexter Pittman,Texas,4,50,347,116,89,9,.450,,.545,6.9,2.3,1.8,0.2,0.5,.068,-7.7,-0.5
158,33,SAC,Hassan Whiteside,Marshall,10,471,11874,6107,5200,308,.582,.308,.607,25.2,13.0,11.0,0.7,48.2,.195,2.5,13.5
159,34,POR,Armon Johnson,Nevada,2,47,401,157,49,56,.458,.400,.679,8.5,3.3,1.0,1.2,-0.1,-.015,-4.1,-0.2
160,35,WAS,Nemanja Bjelica,,7,406,8429,3163,1865,711,.466,.388,.758,20.8,7.8,4.6,1.8,18.3,.104,0.2,4.7
161,36,DET,Terrico White,Ole Miss,,,,,,,,,,,,,,,,,
162,37,MIL,Darington Hobson,New Mexico,1,5,39,4,3,6,.154,.000,,7.8,0.8,0.6,1.2,-0.2,-.225,-13.0,-0.1
163,38,NYK,Andy Rautins,Syracuse,1,5,24,8,1,3,.429,.250,.500,4.8,1.6,0.2,0.6,-0.2,-.314,-13.2,-0.1
164,39,NYK,Landry Fields,Stanford,5,255,6010,1731,1092,419,.473,.332,.666,23.6,6.8,4.3,1.6,10.5,.084,-0.3,2.6
165,40,IND,Lance Stephenson,Cincinnati,9,508,11866,4354,2124,1456,.444,.315,.685,23.4,8.6,4.2,2.9,16.7,.068,-1.2,2.5
166,41,MIA,Jarvis Varnado,Mississippi State,2,37,397,107,72,16,.582,,.518,10.7,2.9,1.9,0.4,0.7,.089,-3.3,-0.1
167,42,MIA,Da'Sean Butler,West Virginia,,,,,,,,,,,,,,,,,
168,43,LAL,Devin Ebanks,West Virginia,3,63,711,224,122,24,.385,.222,.722,11.3,3.6,1.9,0.4,0.5,.035,-4.8,-0.5
169,44,MIL,Jerome Jordan,Tulsa,2,65,491,180,132,17,.528,,.852,7.6,2.8,2.0,0.3,1.7,.168,-1.0,0.1
170,45,MIN,Paulão Prestes,,,,,,,,,,,,,,,,,,
171,46,PHO,Gani Lawal,Georgia Tech,1,1,2,0,0,0,,,,2.0,0.0,0.0,0.0,0.0,-.009,-15.0,0.0
172,47,MIL,Tiny Gallon,Oklahoma,,,,,,,,,,,,,,,,,
173,48,MIA,Latavious Williams,,,,,,,,,,,,,,,,,,
174,49,SAS,Ryan Richards,,,,,,,,,,,,,,,,,,
175,50,DAL,Solomon Alabi,Florida State,2,26,181,39,61,5,.314,,.700,7.0,1.5,2.3,0.2,0.0,.010,-4.4,-0.1
176,51,OKC,Magnum Rolle,Louisiana Tech,,,,,,,,,,,,,,,,,
177,52,BOS,Luke Harangody,Notre Dame,2,70,871,253,196,36,.376,.241,.737,12.4,3.6,2.8,0.5,0.9,.048,-3.5,-0.3
178,53,ATL,Pape Sy,,1,3,21,7,3,2,.333,.000,1.000,7.0,2.3,1.0,0.7,0.0,-.047,-6.0,0.0
179,54,LAC,Willie Warren,Oklahoma,1,19,134,37,12,27,.371,.333,.750,7.1,1.9,0.6,1.4,0.2,.065,-2.7,0.0
180,55,UTA,Jeremy Evans,Western Kentucky,7,250,2626,879,641,107,.569,.231,.687,10.5,3.5,2.6,0.4,8.2,.150,0.9,1.9
181,56,MIN,Hamady N'Diaye,Rutgers University,3,33,157,20,25,3,.467,,.462,4.8,0.6,0.8,0.1,0.0,.013,-7.3,-0.2
182,57,IND,Ryan Reid,Florida State,1,5,17,8,2,0,.800,,,3.4,1.6,0.4,0.0,0.1,.142,-2.0,0.0
183,58,LAL,Derrick Caracter,Texas-El Paso,1,41,215,81,43,7,.485,,.739,5.2,2.0,1.0,0.2,0.3,.057,-7.1,-0.3
184,59,ORL,Stanley Robinson,UConn,,,,,,,,,,,,,,,,,
185,60,PHO,Dwayne Collins,Miami (FL),,,,,,,,,,,,,,,,,
186,1,CLE,Kyrie Irving,Duke,10,582,19713,13293,2212,3336,.470,.391,.881,33.9,22.8,3.8,5.7,68.7,.167,4.6,32.7
187,2,MIN,Derrick Williams,Arizona,7,428,8864,3809,1693,293,.434,.300,.710,20.7,8.9,4.0,0.7,14.1,.076,-1.6,0.8
188,3,UTA,Enes Freedom,,11,730,15880,8291,5751,633,.547,.287,.776,21.8,11.4,7.9,0.9,52.0,.157,-0.2,7.3
189,4,CLE,Tristan Thompson,Texas,11,694,18963,6386,5950,702,.519,.257,.608,27.3,9.2,8.6,1.0,46.8,.118,-1.7,1.6
190,5,TOR,Jonas Valančiūnas,,10,651,16841,8567,6090,707,.563,.380,.782,25.9,13.2,9.4,1.1,63.4,.181,1.0,12.9
191,6,WAS,Jan Veselý,,3,162,2455,590,562,96,.521,.000,.408,15.2,3.6,3.5,0.6,4.0,.078,-2.6,-0.4
192,7,SAC,Bismack Biyombo,,10,702,14213,3604,4315,419,.527,.000,.566,20.2,5.1,6.1,0.6,27.6,.093,-2.7,-2.4
193,8,DET,Brandon Knight,Kentucky,8,446,13137,6269,1377,1769,.411,.353,.806,29.5,14.1,3.1,4.0,11.5,.042,-1.6,1.5
194,9,CHA,Kemba Walker,UConn,11,722,24159,14193,2750,3843,.419,.361,.840,33.5,19.7,3.8,5.3,58.6,.116,2.8,29.4
195,10,MIL,Jimmer Fredette,BYU,6,241,3213,1438,243,331,.409,.372,.879,13.3,6.0,1.0,1.4,2.2,.033,-2.5,-0.4
196,11,GSW,Klay Thompson,Washington State,8,615,20340,11995,2130,1416,.459,.419,.848,33.1,19.5,3.5,2.3,46.8,.110,0.7,14.2
197,12,UTA,Alec Burks,Colorado,11,572,12794,6023,1923,1084,.420,.375,.798,22.4,10.5,3.4,1.9,21.8,.082,-0.8,3.9
198,13,PHO,Markieff Morris,Kansas,11,708,17613,7770,3697,1144,.446,.341,.777,24.9,11.0,5.2,1.6,27.0,.073,-1.4,2.7
199,14,HOU,Marcus Morris,Kansas,11,677,18273,8270,3121,997,.435,.378,.763,27.0,12.2,4.6,1.5,34.5,.091,-0.5,6.8
200,15,IND,Kawhi Leonard,San Diego State,10,576,18025,11085,3689,1672,.493,.384,.858,31.3,19.2,6.4,2.9,83.3,.222,6.8,40.1
201,16,PHI,Nikola Vučević,USC,11,688,21114,11568,7137,1872,.493,.356,.753,30.7,16.8,10.4,2.7,55.4,.126,2.2,22.7
202,17,NYK,Iman Shumpert,Georgia Tech,10,461,11470,3320,1534,845,.391,.337,.764,24.9,7.2,3.3,1.8,12.9,.054,-1.7,0.9
203,18,WAS,Chris Singleton,Florida State,3,148,2605,612,472,92,.376,.319,.633,17.6,4.1,3.2,0.6,2.3,.042,-3.2,-0.8
204,19,CHA,Tobias Harris,Tennessee,11,701,21795,11444,4326,1547,.474,.365,.828,31.1,16.3,6.2,2.2,54.1,.119,1.1,17.0
205,20,MIN,Donatas Motiejūnas,,6,251,4566,1832,952,269,.469,.300,.597,18.2,7.3,3.8,1.1,7.1,.075,-2.5,-0.5
206,21,POR,Nolan Smith,Duke,2,84,829,277,83,97,.371,.260,.714,9.9,3.3,1.0,1.2,-0.8,-.047,-6.0,-0.8
207,22,DEN,Kenneth Faried,Morehead State University,8,478,11728,5430,3884,470,.546,.222,.654,24.5,11.4,8.1,1.0,38.8,.159,0.5,7.5
208,23,HOU,Nikola Mirotić,,5,319,7718,3910,1894,407,.423,.359,.808,24.2,12.3,5.9,1.3,20.8,.129,1.6,7.1
209,24,OKC,Reggie Jackson,Boston College,11,657,16622,8427,1953,2781,.427,.347,.853,25.3,12.8,3.0,4.2,33.8,.098,0.2,9.3
210,25,BOS,MarShon Brooks,Providence,5,200,3456,1592,424,282,.447,.345,.751,17.3,8.0,2.1,1.4,3.3,.046,-1.6,0.4
211,26,DAL,Jordan Hamilton,Texas,5,151,2100,890,429,127,.408,.357,.670,13.9,5.9,2.8,0.8,3.0,.069,-0.1,1.0
212,27,NJN,JaJuan Johnson,Purdue,1,36,298,114,58,6,.446,,.667,8.3,3.2,1.6,0.2,0.2,.032,-3.9,-0.1
213,28,CHI,Norris Cole,Cleveland State University,6,360,8018,2506,702,981,.407,.324,.743,22.3,7.0,2.0,2.7,3.0,.018,-4.1,-4.1
214,29,SAS,Cory Joseph,Texas,11,687,15065,4788,1754,2032,.443,.332,.777,21.9,7.0,2.6,3.0,26.7,.085,-1.1,3.6
215,30,CHI,Jimmy Butler,Marquette,11,651,21540,11414,3426,2618,.460,.325,.838,33.1,17.5,5.3,4.0,87.8,.196,4.6,35.8
218,31,MIA,Bojan Bogdanović,,8,561,16191,8253,1990,871,.458,.395,.865,28.9,14.7,3.5,1.6,30.6,.091,-1.0,4.2
219,32,CLE,Justin Harper,Richmond,3,22,150,45,18,4,.340,.276,.333,6.8,2.0,0.8,0.2,-0.3,-.093,-8.7,-0.2
220,33,DET,Kyle Singler,Duke,6,356,7794,2326,1026,272,.418,.362,.786,21.9,6.5,2.9,0.8,10.0,.062,-2.5,-0.9
221,34,WAS,Shelvin Mack,Butler,8,456,8392,2997,894,1421,.423,.330,.731,18.4,6.6,2.0,3.1,10.3,.059,-1.9,0.1
222,35,SAC,Tyler Honeycutt,UCLA,2,24,120,28,24,9,.314,.200,.714,5.0,1.2,1.0,0.4,-0.1,-.049,-5.1,-0.1
223,36,NJN,Jordan Williams,Maryland,1,43,635,197,156,11,.507,,.652,14.8,4.6,3.6,0.3,1.3,.101,-2.1,0.0
224,37,LAC,Trey Thompkins,Georgia,1,24,119,57,24,3,.393,.308,.714,5.0,2.4,1.0,0.1,0.0,.004,-5.7,-0.1
225,38,HOU,Chandler Parsons,Florida,9,440,13246,5571,1972,1201,.462,.373,.713,30.1,12.7,4.5,2.7,28.9,.105,1.1,10.2
226,39,CHA,Jeremy Tyler,,3,104,1034,373,269,25,.450,.000,.557,9.9,3.6,2.6,0.2,0.3,.014,-7.0,-1.3
227,40,MIL,Jon Leuer,Wisconsin,8,377,5945,2395,1426,301,.484,.328,.767,15.8,6.4,3.8,0.8,13.2,.107,-0.7,2.0
228,41,LAL,Darius Morris,Michigan,4,132,1464,430,126,189,.384,.322,.630,11.1,3.3,1.0,1.4,-0.3,-.010,-5.1,-1.2
229,42,IND,Dāvis Bertāns,,6,351,6898,2973,965,371,.428,.402,.859,19.7,8.5,2.7,1.1,16.2,.113,0.5,4.4
230,43,CHI,Malcolm Lee,UCLA,3,36,534,140,65,51,.382,.294,.703,14.8,3.9,1.8,1.4,0.4,.040,-2.5,-0.1
231,44,GSW,Charles Jenkins,Hofstra,2,110,1334,408,100,214,.434,.182,.754,12.1,3.7,0.9,1.9,0.5,.017,-4.5,-0.8
232,45,NOH,Josh Harrellson,Kentucky,3,75,888,265,227,26,.438,.347,.629,11.8,3.5,3.0,0.3,2.1,.116,-0.4,0.4
233,46,LAL,Andrew Goudelock,College of Charleston,3,49,475,197,34,24,.393,.345,.875,9.7,4.0,0.7,0.5,0.0,.003,-5.0,-0.3
234,47,LAC,Travis Leslie,Georgia,1,10,45,14,9,5,.357,,.444,4.5,1.4,0.9,0.5,0.1,.060,-0.3,0.0
235,48,ATL,Keith Benson,Oakland,1,3,9,0,3,0,.000,,,3.0,0.0,1.0,0.0,0.0,-.005,-7.7,0.0
236,49,MEM,Josh Selby,Kansas,2,38,296,83,20,34,.330,.143,.720,7.8,2.2,0.5,0.9,-0.7,-.113,-9.5,-0.6
237,50,PHI,Lavoy Allen,Temple,6,388,6905,1847,1843,384,.471,.133,.682,17.8,4.8,4.8,1.0,13.8,.096,-2.1,-0.1
238,51,POR,Jon Diebler,Ohio State,,,,,,,,,,,,,,,,,
239,52,DET,Vernon Macklin,Florida,1,23,135,46,34,5,.543,,.571,5.9,2.0,1.5,0.2,0.5,.161,1.2,0.1
240,53,ORL,DeAndre Liggins,Kentucky,5,177,1907,346,252,122,.402,.352,.549,10.8,2.0,1.4,0.7,1.6,.040,-2.2,-0.1
241,54,CLE,Milan Mačvan,,,,,,,,,,,,,,,,,,
242,55,BOS,E'Twaun Moore,Purdue,10,598,12564,4743,1208,1055,.455,.388,.742,21.0,7.9,2.0,1.8,14.8,.057,-1.9,0.2
243,56,LAL,Chukwudiebere Maduabum,,,,,,,,,,,,,,,,,,
244,57,DAL,Tanguy Ngombo,,,,,,,,,,,,,,,,,,
245,58,LAL,Ater Majok,,,,,,,,,,,,,,,,,,
246,59,SAS,Ádám Hanga,,,,,,,,,,,,,,,,,,
247,60,SAC,Isaiah Thomas,Washington,10,528,15230,9531,1292,2604,.435,.363,.872,28.8,18.1,2.4,4.9,45.2,.142,2.2,16.3
248,1,NOH,Anthony Davis,Kentucky,10,590,20336,14083,6035,1369,.514,.305,.796,34.5,23.9,10.2,2.3,90.2,.213,6.0,41.1
249,2,CHA,Michael Kidd-Gilchrist,Kentucky,8,446,10978,3750,2420,515,.474,.272,.715,24.6,8.4,5.4,1.2,21.0,.092,-1.8,0.6
250,3,WAS,Bradley Beal,Florida,10,632,21947,13918,2577,2593,.456,.373,.820,34.7,22.0,4.1,4.1,48.2,.106,1.7,20.2
251,4,CLE,Dion Waiters,Syracuse,8,419,11835,5505,1108,1163,.412,.346,.694,28.2,13.1,2.6,2.8,8.8,.036,-2.1,-0.4
252,5,SAC,Thomas Robinson,Kansas,5,313,4204,1528,1507,190,.470,.000,.505,13.4,4.9,4.8,0.6,4.6,.053,-3.5,-1.6
253,6,POR,Damian Lillard,Weber State,10,705,25615,17320,2953,4690,.437,.372,.893,36.3,24.6,4.2,6.7,93.6,.175,4.6,43.0
254,7,GSW,Harrison Barnes,UNC,10,694,21976,9720,3543,1247,.452,.377,.803,31.7,14.0,5.1,1.8,41.0,.090,-0.9,6.1
255,8,TOR,Terrence Ross,Washington,10,635,15893,7206,1814,787,.418,.364,.837,25.0,11.3,2.9,1.2,23.2,.070,-0.8,4.7
256,9,DET,Andre Drummond,UConn,10,674,20403,9533,9110,928,.537,.134,.472,30.3,14.1,13.5,1.4,64.2,.151,1.3,17.0
257,10,NOH,Austin Rivers,Duke,10,606,14676,5408,1271,1362,.417,.348,.645,24.2,8.9,2.1,2.2,12.6,.041,-3.1,-4.0
258,11,POR,Meyers Leonard,Illinois,9,447,7158,2502,1737,395,.482,.390,.809,16.0,5.6,3.9,0.9,15.5,.104,-1.4,1.0
259,12,HOU,Jeremy Lamb,UConn,10,541,11295,5557,1977,854,.441,.344,.862,20.9,10.3,3.7,1.6,26.4,.112,0.8,7.9
260,13,PHO,Kendall Marshall,UNC,4,160,3083,802,253,779,.399,.370,.611,19.3,5.0,1.6,4.9,1.0,.015,-3.5,-1.1
261,14,MIL,John Henson,UNC,8,445,8752,3383,2368,496,.540,.250,.568,19.7,7.6,5.3,1.1,20.7,.113,-0.4,3.4
262,15,PHI,Maurice Harkless,St. John's,10,593,13514,4111,2131,559,.473,.317,.622,22.8,6.9,3.6,0.9,22.5,.080,-0.8,4.1
263,16,HOU,Royce White,Iowa State,1,3,9,0,0,0,.000,,,3.0,0.0,0.0,0.0,0.0,-.121,-16.9,0.0
264,17,DAL,Tyler Zeller,UNC,8,414,7254,2873,1820,367,.508,.286,.764,17.5,6.9,4.4,0.9,17.1,.113,-2.0,0.0
265,18,HOU,Terrence Jones,Kentucky,6,234,5562,2431,1334,238,.501,.297,.621,23.8,10.4,5.7,1.0,14.7,.127,0.5,3.6
266,19,ORL,Andrew Nicholson,St. Bonaventure,5,285,4080,1700,857,126,.467,.321,.773,14.3,6.0,3.0,0.4,3.8,.045,-3.6,-1.6
267,20,DEN,Evan Fournier,,10,594,16932,8457,1638,1552,.448,.379,.804,28.5,14.2,2.8,2.6,27.6,.078,-1.0,4.0
268,21,BOS,Jared Sullinger,Ohio State,5,269,6532,2893,2006,477,.436,.272,.723,24.3,10.8,7.5,1.8,15.3,.113,-0.4,2.7
269,22,BOS,Fab Melo,Syracuse,1,6,36,7,3,0,.500,,.250,6.0,1.2,0.5,0.0,0.0,.021,-7.6,-0.1
270,23,ATL,John Jenkins,Vanderbilt,6,171,2183,855,250,138,.441,.367,.847,12.8,5.0,1.5,0.8,3.0,.065,-1.9,0.1
271,24,CLE,Jared Cunningham,Oregon State,4,84,605,197,56,39,.347,.306,.674,7.2,2.3,0.7,0.5,0.2,.017,-5.7,-0.6
272,25,MEM,Tony Wroten,Washington,4,145,3076,1604,363,437,.413,.231,.647,21.2,11.1,2.5,3.0,-1.3,-.021,-3.4,-1.1
273,26,IND,Miles Plumlee,Duke,7,346,5658,1697,1562,178,.542,,.543,16.4,4.9,4.5,0.5,10.6,.090,-1.9,0.2
274,27,MIA,Arnett Moultrie,Mississippi State,2,59,729,210,180,12,.547,,.667,12.4,3.6,3.1,0.2,1.7,.113,-2.8,-0.1
275,28,OKC,Perry Jones,Baylor,3,143,1675,488,252,54,.420,.293,.660,11.7,3.4,1.8,0.4,1.7,.048,-3.5,-0.6
276,29,CHI,Marquis Teague,Kentucky,3,91,909,217,90,134,.343,.222,.661,10.0,2.4,1.0,1.5,-0.9,-.045,-6.5,-1.0
277,30,GSW,Festus Ezeli,Vanderbilt,3,170,2394,712,725,63,.513,,.557,14.1,4.2,4.3,0.4,5.9,.119,-2.0,0.0
280,31,CHA,Jeff Taylor,Vanderbilt,3,132,2566,807,263,107,.409,.319,.665,19.4,6.1,2.0,0.8,1.3,.024,-4.2,-1.5
281,32,WAS,Tomáš Satoranský,,6,358,8086,2545,1041,1452,.471,.359,.821,22.6,7.1,2.9,4.1,16.7,.099,-0.9,2.3
282,33,CLE,Bernard James,Florida State,3,92,761,203,212,13,.497,.000,.680,8.3,2.2,2.3,0.1,1.9,.117,-1.8,0.0
283,34,CLE,Jae Crowder,Marquette,10,696,17465,6689,2921,1096,.419,.346,.777,25.1,9.6,4.2,1.6,37.5,.103,0.2,9.6
284,35,GSW,Draymond Green,Michigan State,10,666,19001,5837,4632,3609,.440,.316,.709,28.5,8.8,7.0,5.4,52.0,.131,2.7,22.5
285,36,SAC,Orlando Johnson,UC Santa Barbara,3,103,1112,329,180,69,.358,.311,.727,10.8,3.2,1.7,0.7,1.4,.059,-2.4,-0.1
286,37,TOR,Quincy Acy,Baylor,7,337,5392,1642,1179,217,.444,.350,.759,16.0,4.9,3.5,0.6,8.7,.078,-2.0,-0.1
287,38,DEN,Quincy Miller,Baylor,3,69,934,295,169,37,.350,.292,.706,13.5,4.3,2.4,0.5,-0.1,-.003,-3.9,-0.5
288,39,DET,Khris Middleton,Texas A&M,10,606,19201,10185,2930,2206,.459,.393,.879,31.7,16.8,4.8,3.6,46.5,.116,0.6,12.6
289,40,POR,Will Barton,Memphis,10,576,14644,6587,2436,1529,.433,.354,.784,25.4,11.4,4.2,2.7,24.1,.079,-0.2,6.6
290,41,POR,Tyshawn Taylor,Kansas,2,61,491,174,33,57,.354,.360,.684,8.0,2.9,0.5,0.9,-0.9,-.088,-8.1,-0.8
291,42,MIL,Doron Lamb,Kentucky,2,100,1272,345,95,75,.381,.394,.700,12.7,3.5,1.0,0.8,0.1,.005,-5.8,-1.2
292,43,ATL,Mike Scott,Virginia,9,555,9182,3736,1727,499,.453,.362,.757,16.5,6.7,3.1,0.9,16.8,.088,-1.8,0.6
293,44,DET,Kim English,Missouri,1,41,407,119,37,26,.375,.280,.724,9.9,2.9,0.9,0.6,0.2,.021,-4.2,-0.2
294,45,PHI,Justin Hamilton,LSU,3,113,1961,687,403,91,.464,.309,.798,17.4,6.1,3.6,0.8,3.7,.091,-0.9,0.5
295,46,NOH,Darius Miller,Kentucky,6,271,5358,1597,447,367,.419,.383,.840,19.8,5.9,1.6,1.4,6.5,.059,-2.3,-0.4
296,47,UTA,Kevin Murphy,Tennessee Technological University,1,17,52,15,4,2,.250,.200,,3.1,0.9,0.2,0.1,-0.3,-.272,-16.8,-0.2
297,48,NYK,Kostas Papanikolaou,,2,69,1089,249,158,101,.354,.297,.688,15.8,3.6,2.3,1.5,0.3,.015,-2.7,-0.2
298,49,ORL,Kyle O'Quinn,Norfolk State,8,472,6714,2568,2166,643,.517,.218,.740,14.2,5.4,4.6,1.4,17.8,.128,0.9,5.0
299,50,DEN,İzzet Türkyılmaz,,,,,,,,,,,,,,,,,,
300,51,BOS,Kris Joseph,Syracuse,1,10,54,9,7,1,.143,.000,.625,5.4,0.9,0.7,0.1,-0.1,-.127,-9.9,-0.1
301,52,GSW,Ognjen Kuzmić,,2,37,164,35,38,8,.520,,.600,4.4,0.9,1.0,0.2,0.2,.061,-5.6,-0.2
302,53,LAC,Furkan Aldemir,,1,41,540,93,176,28,.513,.000,.481,13.2,2.3,4.3,0.7,1.4,.122,-3.6,-0.2
303,54,PHI,Tornike Shengelia,,2,45,247,59,39,17,.451,.125,.500,5.5,1.3,0.9,0.4,-0.2,-.032,-7.0,-0.3
304,55,DAL,Darius Johnson-Odom,Marquette,2,7,21,0,6,2,.000,.000,.000,3.0,0.0,0.9,0.3,-0.3,-.597,-25.5,-0.1
305,56,TOR,Tomislav Zubčić,,,,,,,,,,,,,,,,,,
306,57,NJN,İlkan Karaman,,,,,,,,,,,,,,,,,,
307,58,MIN,Robbie Hummel,Purdue,2,98,1397,379,266,50,.418,.343,.867,14.3,3.9,2.7,0.5,1.9,.066,-3.1,-0.4
308,59,SAS,Marcus Denmon,Missouri,,,,,,,,,,,,,,,,,
309,60,LAL,Robert Sacre,Gonzaga,4,189,2745,787,593,126,.436,.000,.671,14.5,4.2,3.1,0.7,2.4,.042,-4.0,-1.4
310,1,CLE,Anthony Bennett,UNLV,4,151,1905,658,472,77,.392,.261,.670,12.6,4.4,3.1,0.5,0.5,.013,-4.8,-1.3
311,2,ORL,Victor Oladipo,Indiana,8,454,14968,7955,2094,1796,.438,.347,.791,33.0,17.5,4.6,4.0,24.6,.079,0.9,10.9
312,3,WAS,Otto Porter,Georgetown,9,465,12154,5001,2301,697,.478,.402,.793,26.1,10.8,4.9,1.5,32.8,.130,1.6,11.0
313,4,CHA,Cody Zeller,Indiana,9,491,10937,4184,2934,689,.520,.221,.731,22.3,8.5,6.0,1.4,32.1,.141,-0.5,4.1
314,5,PHO,Alex Len,Maryland,9,552,10505,4265,3269,465,.506,.335,.684,19.0,7.7,5.9,0.8,21.3,.097,-2.0,0.1
315,6,NOH,Nerlens Noel,Kentucky,8,440,9869,3271,2735,479,.548,.167,.656,22.4,7.4,6.2,1.1,27.5,.134,0.8,7.0
316,7,SAC,Ben McLemore,Kansas,9,506,11416,4439,1179,514,.416,.364,.776,22.6,8.8,2.3,1.0,8.5,.036,-3.0,-2.9
317,8,DET,Kentavious Caldwell-Pope,Georgia,9,636,18516,7222,1993,1053,.419,.357,.805,29.1,11.4,3.1,1.7,32.9,.085,-0.8,5.8
318,9,MIN,Trey Burke,Michigan,9,472,10163,4701,862,1496,.413,.347,.811,21.5,10.0,1.8,3.2,13.4,.063,-1.2,2.1
319,10,POR,CJ McCollum,Lehigh,9,552,17327,10465,1871,1836,.453,.397,.821,31.4,19.0,3.4,3.3,37.8,.105,1.1,13.8
320,11,PHI,Michael Carter-Williams,Syracuse,8,391,9898,4023,1713,1701,.402,.255,.706,25.3,10.3,4.4,4.4,6.6,.032,-1.2,1.9
321,12,OKC,Steven Adams,Pitt,9,617,16535,5833,4797,802,.589,.077,.551,26.8,9.5,7.8,1.3,51.1,.148,0.2,9.3
322,13,DAL,Kelly Olynyk,Gonzaga,9,580,12874,5906,2963,1160,.477,.366,.778,22.2,10.2,5.1,2.0,34.1,.127,0.9,9.3
323,14,UTA,Shabazz Muhammad,UCLA,5,278,4772,2504,770,151,.473,.319,.751,17.2,9.0,2.8,0.5,8.5,.085,-2.0,0.0
324,15,MIL,Giannis Antetokounmpo,,9,615,19999,13022,5672,2783,.532,.287,.715,32.5,21.2,9.2,4.5,79.4,.191,5.6,38.3
325,16,BOS,Lucas Nogueira,,4,141,1754,446,388,72,.632,.265,.640,12.4,3.2,2.8,0.5,6.0,.165,2.3,1.9
326,17,ATL,Dennis Schröder,,9,584,15504,8401,1711,2741,.436,.337,.834,26.5,14.4,2.9,4.7,22.0,.068,-1.2,3.3
327,18,ATL,Shane Larkin,Miami (FL),4,256,4880,1399,490,737,.422,.336,.777,19.1,5.5,1.9,2.9,4.4,.044,-2.4,-0.6
328,19,CLE,Sergey Karasev,,3,95,1110,287,140,87,.395,.282,.842,11.7,3.0,1.5,0.9,0.8,.036,-3.4,-0.4
329,20,CHI,Tony Snell,New Mexico,9,570,12533,3529,1298,656,.431,.395,.845,22.0,6.2,2.3,1.2,18.2,.070,-2.0,0.1
330,21,UTA,Gorgui Dieng,Louisville,9,576,12088,4378,3380,765,.500,.358,.791,21.0,7.6,5.9,1.3,30.0,.119,0.3,6.9
331,22,BRK,Mason Plumlee,Duke,9,609,13521,5148,3964,1444,.579,.051,.566,22.2,8.5,6.5,2.4,40.5,.144,1.3,11.4
332,23,IND,Solomon Hill,Arizona,9,448,9652,2453,1399,662,.388,.331,.797,21.5,5.5,3.1,1.5,11.9,.059,-2.2,-0.5
333,24,NYK,Tim Hardaway Jr.,Michigan,9,572,15470,7954,1604,1067,.422,.358,.813,27.0,13.9,2.8,1.9,25.2,.078,-1.0,4.1
334,25,LAC,Reggie Bullock,UNC,9,393,8519,2951,927,464,.428,.383,.839,21.7,7.5,2.4,1.2,15.0,.084,-1.1,2.0
335,26,MIN,Andre Roberson,Colorado,7,307,6801,1382,1230,265,.473,.253,.468,22.2,4.5,4.0,0.9,12.6,.089,-0.6,2.3
336,27,DEN,Rudy Gobert,,9,572,17030,6977,6547,762,.650,.000,.632,29.8,12.2,11.4,1.3,80.0,.226,3.9,25.5
337,28,SAS,Livio Jean-Charles,,,,,,,,,,,,,,,,,,
338,29,OKC,Archie Goodwin,Kentucky,4,165,2396,1040,331,206,.429,.236,.700,14.5,6.3,2.0,1.2,1.1,.022,-3.0,-0.6
339,30,PHO,Nemanja Nedović,,1,24,142,26,15,13,.205,.167,.875,5.9,1.1,0.6,0.5,-0.4,-.132,-10.0,-0.3
342,31,CLE,Allen Crabbe,California,7,381,9125,3453,1073,434,.425,.387,.831,24.0,9.1,2.8,1.1,13.7,.072,-1.6,0.9
343,32,OKC,Álex Abrines,,3,174,2777,924,248,88,.387,.368,.880,16.0,5.3,1.4,0.5,5.0,.086,-1.9,0.1
344,33,CLE,Carrick Felix,Arizona State,1,7,38,19,6,4,.500,.400,.750,5.4,2.7,0.9,0.6,0.0,.057,-3.4,0.0
345,34,HOU,Isaiah Canaan,Murray State,6,235,4799,1913,438,454,.371,.351,.836,20.4,8.1,1.9,1.9,4.3,.043,-2.4,-0.5
346,35,PHI,Glen Rice Jr.,Georgia Tech,2,16,152,43,24,9,.269,.250,.692,9.5,2.7,1.5,0.6,-0.2,-.065,-6.6,-0.2
347,36,SAC,Ray McCallum,Detroit Mercy,3,154,2808,920,306,368,.408,.335,.711,18.2,6.0,2.0,2.4,2.1,.035,-2.6,-0.4
348,37,DET,Tony Mitchell,University of North Texas,1,21,79,22,26,2,.417,1.000,.579,3.8,1.0,1.2,0.1,0.2,.151,0.4,0.0
349,38,WAS,Nate Wolters,South Dakota State,3,84,1575,461,185,209,.423,.261,.635,18.8,5.5,2.2,2.5,0.9,.028,-2.6,-0.2
350,39,POR,Jeff Withey,Kansas,5,206,2072,666,518,64,.525,.143,.716,10.1,3.2,2.5,0.3,6.8,.157,0.5,1.3
351,40,POR,Grant Jerrett,Arizona,1,8,51,16,9,3,.269,.067,1.000,6.4,2.0,1.1,0.4,-0.1,-.128,-10.8,-0.1
352,41,MEM,Jamaal Franklin,San Diego State,2,24,174,42,25,9,.415,.462,1.000,7.3,1.8,1.0,0.4,0.0,-.006,-5.9,-0.2
353,42,PHI,Pierre Jackson,Baylor,1,8,84,35,9,19,.333,.273,.857,10.5,4.4,1.1,2.4,0.0,.021,-4.4,-0.1
354,43,MIL,Ricky Ledo,Providence,2,28,277,109,38,21,.336,.371,.769,9.9,3.9,1.4,0.8,-0.6,-.096,-7.6,-0.4
355,44,DAL,Mike Muscala,Bucknell,9,410,6396,2499,1309,367,.459,.374,.846,15.6,6.1,3.2,0.9,15.7,.118,0.0,3.2
356,45,POR,Marko Todorović,,,,,,,,,,,,,,,,,,
357,46,UTA,Erick Green,Virginia Tech,2,52,452,159,37,42,.377,.288,.857,8.7,3.1,0.7,0.8,0.1,.011,-4.0,-0.2
358,47,ATL,Raul Neto,,7,346,5466,2010,534,691,.452,.371,.803,15.8,5.8,1.5,2.0,8.9,.078,-1.6,0.6
359,48,LAL,Ryan Kelly,Duke,4,163,3125,981,504,215,.378,.316,.797,19.2,6.0,3.1,1.3,3.0,.046,-2.6,-0.5
360,49,CHI,Erik Murphy,Florida,1,24,62,6,8,2,.231,.000,,2.6,0.3,0.3,0.1,-0.1,-.055,-8.6,-0.1
361,50,ATL,James Ennis,Cal State Long Beach,7,388,7966,2600,1294,370,.457,.360,.797,20.5,6.7,3.3,1.0,16.1,.097,-1.5,0.9
362,51,ORL,Romero Osby,Oklahoma,,,,,,,,,,,,,,,,,
363,52,MIN,Lorenzo Brown,NC State,5,103,1185,293,151,183,.364,.170,.707,11.5,2.8,1.5,1.8,-0.2,-.007,-3.5,-0.5
364,53,IND,Colton Iverson,Colorado State,,,,,,,,,,,,,,,,,
365,54,WAS,Arsalan Kazemi,Oregon,,,,,,,,,,,,,,,,,
366,55,MEM,Joffrey Lauvergne,,4,208,2823,1159,789,180,.479,.285,.719,13.6,5.6,3.8,0.9,5.2,.089,-2.1,-0.1
367,56,DET,Peyton Siva,Louisville,1,24,224,54,14,34,.316,.280,.733,9.3,2.3,0.6,1.4,-0.2,-.032,-6.4,-0.2
368,57,PHO,Alex Oriakhi,Missouri,,,,,,,,,,,,,,,,,
369,58,SAS,Deshaun Thomas,Ohio State,,,,,,,,,,,,,,,,,
370,59,MIN,Bojan Dubljević,,,,,,,,,,,,,,,,,,
371,60,MEM,Jānis Timma,,,,,,,,,,,,,,,,,,
372,1,CLE,Andrew Wiggins,Kansas,8,553,19471,10778,2449,1282,.448,.346,.730,35.2,19.5,4.4,2.3,21.7,.053,-1.7,1.5
373,2,MIL,Jabari Parker,Duke,8,307,8507,4368,1695,608,.494,.325,.743,27.7,14.2,5.5,2.0,13.8,.078,-0.8,2.5
374,3,PHI,Joel Embiid,Kansas,6,279,8572,6917,3143,878,.484,.331,.808,30.7,24.8,11.3,3.1,34.1,.191,4.9,14.9
375,4,ORL,Aaron Gordon,Arizona,8,481,13815,6154,3029,1188,.453,.322,.698,28.7,12.8,6.3,2.5,25.8,.090,-0.1,6.6
376,5,UTA,Dante Exum,,6,245,4545,1389,441,515,.407,.305,.764,18.6,5.7,1.8,2.1,3.1,.032,-3.3,-1.5
377,6,BOS,Marcus Smart,Oklahoma State,8,476,14110,4866,1702,2051,.376,.317,.776,29.6,10.2,3.6,4.3,25.4,.087,-0.4,5.8
378,7,LAL,Julius Randle,Kentucky,8,475,14623,8312,4381,1624,.480,.342,.743,30.8,17.5,9.2,3.4,30.0,.098,0.4,8.7
379,8,SAC,Nik Stauskas,Michigan,5,335,6662,2272,688,513,.389,.353,.814,19.9,6.8,2.1,1.5,3.8,.028,-3.0,-1.7
380,9,CHH,Noah Vonleh,Indiana,7,339,5683,1660,1742,257,.459,.308,.691,16.8,4.9,5.1,0.8,9.2,.078,-2.4,-0.6
381,10,PHI,Elfrid Payton,Louisiana,8,464,13007,4941,1949,2803,.449,.289,.630,28.0,10.6,4.2,6.0,16.1,.059,-0.9,3.7
382,11,DEN,Doug McDermott,Creighton,8,496,10288,4489,1167,458,.477,.407,.822,20.7,9.1,2.4,0.9,18.3,.086,-1.9,0.4
383,12,ORL,Dario Šarić,,5,356,8965,4180,2086,699,.441,.357,.838,25.2,11.7,5.9,2.0,16.4,.088,-0.9,2.6
384,13,MIN,Zach LaVine,UCLA,8,438,13839,8534,1711,1671,.460,.385,.826,31.6,19.5,3.9,3.8,20.8,.072,0.3,8.1
385,14,PHO,T.J. Warren,NC State,7,332,9553,5142,1372,397,.507,.357,.780,28.8,15.5,4.1,1.2,19.6,.099,-0.2,4.2
386,15,ATL,Adreian Payne,Michigan State,4,107,1403,429,315,66,.406,.254,.680,13.1,4.0,2.9,0.6,-0.6,-.019,-5.9,-1.4
387,16,CHI,Jusuf Nurkić,,8,384,8973,4561,3192,815,.499,.210,.675,23.4,11.9,8.3,2.1,22.4,.120,0.6,5.9
388,17,BOS,James Young,Kentucky,4,95,812,219,96,28,.367,.277,.563,8.5,2.3,1.0,0.3,0.8,.046,-3.4,-0.3
389,18,PHO,Tyler Ennis,Syracuse,4,186,2336,779,250,359,.419,.317,.768,12.6,4.2,1.3,1.9,1.3,.026,-3.4,-0.8
390,19,CHI,Gary Harris,Michigan State,8,429,12322,5026,1092,893,.449,.357,.804,28.7,11.7,2.5,2.1,18.8,.073,-1.4,1.7
391,20,TOR,Bruno Caboclo,,7,105,1293,442,268,72,.403,.308,.836,12.3,4.2,2.6,0.7,1.5,.054,-2.7,-0.2
392,21,OKC,Mitch McGary,Michigan,2,52,557,227,183,17,.527,.000,.580,10.7,4.4,3.5,0.3,1.3,.108,-2.6,-0.1
393,22,MEM,Jordan Adams,UCLA,2,32,263,101,30,19,.402,.385,.607,8.2,3.2,0.9,0.6,0.4,.070,1.7,0.2
394,23,UTA,Rodney Hood,Duke,8,419,10628,4579,1130,717,.421,.366,.842,25.4,10.9,2.7,1.7,17.4,.078,-1.2,2.2
395,24,CHH,Shabazz Napier,UConn,6,345,5986,2433,657,849,.397,.345,.815,17.4,7.1,1.9,2.5,8.1,.065,-0.7,2.0
396,25,HOU,Clint Capela,,8,425,11412,5349,4506,412,.622,.000,.533,26.9,12.6,10.6,1.0,47.9,.202,2.0,11.4
397,26,MIA,P.J. Hairston,UNC,2,111,2000,664,266,59,.343,.295,.810,18.0,6.0,2.4,0.5,0.9,.021,-3.9,-1.0
398,27,PHO,Bogdan Bogdanović,,5,273,7757,3783,904,928,.442,.389,.815,28.4,13.9,3.3,3.4,13.5,.084,0.1,4.2
399,28,LAC,C.J. Wilcox,Washington,3,66,376,132,31,30,.370,.333,.813,5.7,2.0,0.5,0.5,0.1,.007,-4.3,-0.2
400,29,OKC,Josh Huestis,Stanford,3,76,1068,187,180,23,.346,.312,.240,14.1,2.5,2.4,0.3,0.7,.030,-3.5,-0.4
401,30,SAS,Kyle Anderson,UCLA,8,461,9645,3055,1987,1048,.480,.337,.720,20.9,6.6,4.3,2.3,24.8,.123,1.7,9.0
404,31,MIL,Damien Inglis,,1,20,156,36,31,10,.351,.231,.875,7.8,1.8,1.6,0.5,-0.1,-.024,-5.6,-0.1
405,32,PHI,K.J. McDaniels,Clemson,3,148,2092,782,324,95,.412,.290,.776,14.1,5.3,2.2,0.6,1.3,.030,-2.8,-0.4
406,33,CLE,Joe Harris,Virginia,8,414,10601,4584,1344,679,.483,.439,.780,25.6,11.1,3.2,1.6,20.6,.093,-0.6,3.7
407,34,NYK,Cleanthony Early,Wichita State,2,56,801,241,123,42,.346,.263,.750,14.3,4.3,2.2,0.8,-0.6,-.039,-5.9,-0.8
408,35,UTA,Jarnell Stokes,Tennessee,3,28,151,67,40,7,.581,,.531,5.4,2.4,1.4,0.3,0.6,.202,0.1,0.1
409,36,MIL,Johnny O'Bryant,LSU,4,147,1684,509,352,69,.402,.360,.663,11.5,3.5,2.4,0.5,0.2,.006,-6.2,-1.8
410,37,TOR,DeAndre Daniels,UConn,,,,,,,,,,,,,,,,,
411,38,DET,Spencer Dinwiddie,Colorado,8,345,8963,4442,1010,1715,.408,.319,.796,26.0,12.9,2.9,5.0,19.4,.104,0.2,5.0
412,39,PHI,Jerami Grant,Syracuse,8,532,13751,5907,2114,698,.453,.346,.717,25.8,11.1,4.0,1.3,27.1,.094,-0.6,4.9
413,40,MIN,Glenn Robinson III,Michigan,7,304,5299,1804,776,238,.457,.373,.779,17.4,5.9,2.6,0.8,7.9,.071,-1.7,0.3
414,41,DEN,Nikola Jokić,,7,476,14299,8971,4750,2869,.537,.349,.830,30.0,18.8,10.0,6.0,69.2,.232,8.3,37.1
415,42,HOU,Nick Johnson,Arizona,1,28,262,74,39,11,.347,.238,.680,9.4,2.6,1.4,0.4,-0.1,-.020,-6.5,-0.3
416,43,ATL,Edy Tavares,,2,13,101,33,32,4,.625,,.273,7.8,2.5,2.5,0.3,0.2,.118,-0.4,0.0
417,44,MIN,Markel Brown,Oklahoma State,3,113,1794,584,234,132,.380,.295,.781,15.9,5.2,2.1,1.2,1.1,.029,-2.9,-0.4
418,45,CHH,Dwight Powell,Stanford,8,457,8458,3362,2068,457,.569,.293,.742,18.5,7.4,4.5,1.0,31.5,.179,1.2,6.7
419,46,WAS,Jordan Clarkson,Missouri,8,548,14725,8351,1783,1389,.440,.340,.827,26.9,15.2,3.3,2.5,19.3,.063,-0.6,5.3
420,47,PHI,Russ Smith,Louisville,2,27,131,53,15,19,.319,.188,.769,4.9,2.0,0.6,0.7,-0.2,-.068,-5.1,-0.1
421,48,MIL,Lamar Patterson,Pitt,2,40,435,93,57,45,.326,.236,.720,10.9,2.3,1.4,1.1,0.1,.006,-5.7,-0.4
422,49,CHI,Cameron Bairstow,New Mexico,2,36,167,44,36,7,.296,.200,.846,4.6,1.2,1.0,0.2,-0.1,-.021,-8.1,-0.3
423,50,PHO,Alec Brown,Green Bay,,,,,,,,,,,,,,,,,
424,51,NYK,Thanasis Antetokounmpo,,4,101,967,304,217,78,.492,.152,.523,9.6,3.0,2.1,0.8,1.4,.071,-3.7,-0.4
425,52,PHI,Vasilije Micić,,,,,,,,,,,,,,,,,,
426,53,MIN,Alessandro Gentile,,,,,,,,,,,,,,,,,,
427,54,PHI,Nemanja Dangubić,,,,,,,,,,,,,,,,,,
428,55,MIA,Semaj Christon,Xavier,1,64,973,183,87,130,.345,.190,.548,15.2,2.9,1.4,2.0,0.1,.006,-5.1,-0.8
429,56,DEN,Devyn Marble,Iowa,2,44,457,97,69,29,.304,.222,.375,10.4,2.2,1.6,0.7,-0.3,-.028,-5.5,-0.4
430,57,IND,Louis Labeyrie,,,,,,,,,,,,,,,,,,
431,58,SAS,Jordan McRae,Tennessee,4,123,1696,846,225,167,.417,.355,.772,13.8,6.9,1.8,1.4,1.7,.048,-2.1,0.0
432,59,TOR,Xavier Thames,San Diego State,,,,,,,,,,,,,,,,,
433,60,SAS,Cory Jefferson,Baylor,2,58,581,205,161,16,.444,.125,.583,10.0,3.5,2.8,0.3,0.9,.071,-3.3,-0.2
434,1,MIN,Karl-Anthony Towns,Kentucky,7,435,14927,10008,4981,1307,.526,.397,.834,34.3,23.0,11.5,3.0,59.3,.191,4.7,25.3
435,2,LAL,D'Angelo Russell,Ohio State,7,382,11154,6761,1381,2057,.419,.358,.774,29.2,17.7,3.6,5.4,11.4,.049,0.5,7.0
436,3,PHI,Jahlil Okafor,Duke,6,247,4827,2566,1169,225,.542,.222,.676,19.5,10.4,4.7,0.9,7.2,.071,-2.1,-0.1
437,4,NYK,Kristaps Porziņģis,,6,307,9539,5754,2408,461,.441,.355,.815,31.1,18.7,7.8,1.5,23.7,.119,1.4,8.1
438,5,ORL,Mario Hezonja,,5,330,6107,2284,1026,415,.417,.319,.812,18.5,6.9,3.1,1.3,3.2,.025,-2.8,-1.2
439,6,SAC,Willie Cauley-Stein,Kentucky,7,420,9270,3675,2468,597,.544,.188,.612,22.1,8.8,5.9,1.4,23.3,.121,-0.2,4.3
440,7,DEN,Emmanuel Mudiay,,5,300,7176,3296,884,1139,.401,.323,.744,23.9,11.0,2.9,3.8,-0.2,-.001,-3.2,-2.2
441,8,DET,Stanley Johnson,Arizona,6,371,7316,2312,1154,532,.375,.298,.761,19.7,6.2,3.1,1.4,4.4,.029,-2.8,-1.5
442,9,CHO,Frank Kaminsky,Wisconsin,7,377,7925,3541,1527,619,.429,.348,.743,21.0,9.4,4.1,1.6,15.3,.093,-0.4,3.3
443,10,MIA,Justise Winslow,Duke,7,287,7531,2407,1455,727,.411,.322,.638,26.2,8.4,5.1,2.5,7.0,.045,-2.2,-0.3
444,11,IND,Myles Turner,Texas,7,419,12031,5333,2805,499,.489,.353,.768,28.7,12.7,6.7,1.2,32.8,.131,0.7,8.1
445,12,UTA,Trey Lyles,Kentucky,7,401,7124,2923,1684,411,.434,.339,.715,17.8,7.3,4.2,1.0,11.6,.078,-1.3,1.2
446,13,PHO,Devin Booker,Kentucky,7,430,14403,9883,1626,1993,.455,.354,.870,33.5,23.0,3.8,4.6,24.1,.080,-0.1,6.9
447,14,OKC,Cameron Payne,Murray State,7,244,4170,1747,517,698,.421,.364,.828,17.1,7.2,2.1,2.9,6.5,.075,-0.9,1.2
448,15,ATL,Kelly Oubre Jr.,Kansas,7,433,10934,5129,1894,441,.435,.334,.757,25.3,11.8,4.4,1.0,15.8,.069,-1.9,0.4
449,16,BOS,Terry Rozier,Louisville,7,425,10665,5001,1623,1258,.411,.374,.816,25.1,11.8,3.8,3.0,19.2,.086,0.3,6.2
450,17,MIL,Rashad Vaughn,UNLV,3,139,1671,423,158,75,.337,.313,.692,12.0,3.0,1.1,0.5,-0.6,-.017,-4.7,-1.2
451,18,HOU,Sam Dekker,Wisconsin,5,201,3097,1094,607,160,.478,.288,.606,15.4,5.4,3.0,0.8,5.4,.083,-1.4,0.5
452,19,WAS,Jerian Grant,Notre Dame,5,279,4998,1692,530,805,.411,.323,.770,17.9,6.1,1.9,2.9,8.3,.080,-1.6,0.5
453,20,TOR,Delon Wright,Utah,7,360,7497,2683,1168,1115,.450,.350,.792,20.8,7.5,3.2,3.1,19.9,.127,2.0,7.6
454,21,DAL,Justin Anderson,Virginia,5,226,2964,1182,575,151,.413,.296,.774,13.1,5.2,2.5,0.7,4.6,.074,-1.4,0.5
455,22,CHI,Bobby Portis,Arkansas,7,406,8520,4360,2563,486,.468,.382,.756,21.0,10.7,6.3,1.2,18.0,.102,-0.7,2.9
456,23,POR,Rondae Hollis-Jefferson,Arizona,6,305,6759,2760,1684,579,.449,.212,.735,22.2,9.0,5.5,1.9,12.9,.091,-0.7,2.3
457,24,CLE,Tyus Jones,Duke,7,411,7431,2397,699,1489,.434,.345,.822,18.1,5.8,1.7,3.6,16.1,.104,0.1,4.0
458,25,MEM,Jarell Martin,LSU,4,184,2927,998,639,114,.434,.346,.766,15.9,5.4,3.5,0.6,3.2,.053,-4.3,-1.7
459,26,SAS,Nikola Milutinov,,,,,,,,,,,,,,,,,,
460,27,LAL,Larry Nance Jr.,Wyoming,7,379,9101,3072,2484,715,.529,.328,.680,24.0,8.1,6.6,1.9,23.5,.124,1.1,7.2
461,28,BOS,R.J. Hunter,Georgia State University,4,45,395,133,46,19,.371,.295,.818,8.8,3.0,1.0,0.4,0.4,.051,-2.0,0.0
462,29,BRK,Chris McCullough,Syracuse,3,59,532,194,112,15,.426,.306,.548,9.0,3.3,1.9,0.3,0.6,.054,-2.5,-0.1
463,30,GSW,Kevon Looney,UCLA,7,313,4801,1393,1333,369,.563,.172,.601,15.3,4.5,4.3,1.2,15.8,.158,-0.8,1.5
466,31,MIN,Cedi Osman,,5,285,7061,2823,968,606,.422,.353,.731,24.8,9.9,3.4,2.1,6.0,.041,-2.5,-0.9
467,32,HOU,Montrezl Harrell,Louisville,7,417,9002,5405,2226,562,.617,.103,.658,21.6,13.0,5.3,1.3,37.3,.199,2.8,10.9
468,33,BOS,Jordan Mickey,LSU,3,64,482,152,128,17,.449,.118,.605,7.5,2.4,2.0,0.3,0.5,.050,-4.8,-0.3
469,34,LAL,Anthony Brown,Stanford,3,41,762,161,103,28,.328,.286,.850,18.6,3.9,2.5,0.7,-0.2,-.016,-5.1,-0.6
470,35,PHI,Willy Hernangómez,,6,272,4081,1942,1569,291,.544,.320,.684,15.0,7.1,5.8,1.1,12.6,.148,0.3,2.4
471,36,MIN,Rakeem Christmas,Syracuse,2,30,225,63,57,4,.467,,.724,7.5,2.1,1.9,0.1,0.5,.105,-4.7,-0.2
472,37,PHI,Richaun Holmes,Bowling Green,7,353,7445,3445,2055,385,.606,.257,.746,21.1,9.8,5.8,1.1,26.1,.168,0.6,4.9
473,38,DET,Darrun Hilliard,Villanova,3,91,859,295,85,71,.377,.304,.747,9.4,3.2,0.9,0.8,0.3,.016,-4.7,-0.6
474,39,CHO,Juan Pablo Vaulet,,,,,,,,,,,,,,,,,,
475,40,MIA,Josh Richardson,Tennessee,7,393,11920,4797,1248,1083,.428,.358,.832,30.3,12.2,3.2,2.8,21.4,.086,-0.6,4.2
476,41,BRK,Pat Connaughton,Notre Dame,7,382,6894,2199,1260,477,.450,.367,.786,18.0,5.8,3.3,1.2,16.7,.117,-0.1,3.3
477,42,UTA,Olivier Hanlan,Boston College,,,,,,,,,,,,,,,,,
478,43,IND,Joe Young,Oregon,3,127,1077,429,130,119,.393,.296,.768,8.5,3.4,1.0,0.9,0.4,.016,-4.1,-0.6
479,44,PHO,Andrew Harrison,Kentucky,3,145,2987,1012,287,399,.373,.294,.779,20.6,7.0,2.0,2.8,3.2,.051,-2.8,-0.6
480,45,BOS,Marcus Thornton,William & Mary,,,,,,,,,,,,,,,,,
481,46,MIL,Norman Powell,UCLA,7,401,8750,4369,1010,577,.463,.379,.836,21.8,10.9,2.5,1.4,18.4,.101,-0.2,4.0
482,47,PHI,Artūras Gudaitis,,,,,,,,,,,,,,,,,,
483,48,OKC,Dakari Johnson,Kentucky,1,31,161,55,34,8,.564,,.550,5.2,1.8,1.1,0.3,0.6,.178,-0.3,0.1
484,49,WAS,Aaron White,Iowa,,,,,,,,,,,,,,,,,
485,50,ATL,Marcus Eriksson,,,,,,,,,,,,,,,,,,
486,51,ORL,Tyler Harvey,Eastern Washington,,,,,,,,,,,,,,,,,
487,52,DAL,Satnam Singh,,,,,,,,,,,,,,,,,,
488,53,CLE,Sir'Dominic Pointer,St. John's,,,,,,,,,,,,,,,,,
489,54,UTA,Dani Díez,,,,,,,,,,,,,,,,,,
490,55,SAS,Cady Lalanne,UMass,,,,,,,,,,,,,,,,,
491,56,NOP,Branden Dawson,Michigan State,1,6,29,5,4,0,.400,,1.000,4.8,0.8,0.7,0.0,0.0,.069,-5.7,0.0
492,57,DEN,Nikola Radičević,,,,,,,,,,,,,,,,,,
493,58,PHI,J.P. Tokoto,UNC,,,,,,,,,,,,,,,,,
494,59,ATL,Dimitrios Agravanis,,,,,,,,,,,,,,,,,,
495,60,PHI,Luka Mitrović,,,,,,,,,,,,,,,,,,
496,1,PHI,Ben Simmons,LSU,4,275,9326,4382,2217,2127,.560,.147,.597,33.9,15.9,8.1,7.7,30.4,.156,3.7,13.4
497,2,LAL,Brandon Ingram,Duke,6,336,11023,6104,1720,1217,.460,.366,.762,32.8,18.2,5.1,3.6,16.1,.070,-0.6,3.9
498,3,BOS,Jaylen Brown,California,6,351,9795,5382,1662,625,.472,.377,.703,27.9,15.3,4.7,1.8,19.7,.096,-0.3,4.2
499,4,PHO,Dragan Bender,,4,187,3755,1014,720,237,.399,.323,.654,20.1,5.4,3.9,1.3,0.5,.006,-4.0,-1.9
500,5,MIN,Kris Dunn,Providence,5,231,5561,1889,766,950,.420,.305,.727,24.1,8.2,3.3,4.1,3.7,.032,-1.9,0.1
501,6,NOP,Buddy Hield,Oklahoma,6,416,11996,6650,1766,1011,.431,.401,.862,28.8,16.0,4.2,2.4,16.1,.065,0.3,7.0
502,7,DEN,Jamal Murray,Kentucky,5,345,10384,5639,1258,1322,.446,.367,.878,30.1,16.3,3.6,3.8,20.8,.096,0.2,5.9
503,8,SAC,Marquese Chriss,Washington,5,258,4992,2052,1263,281,.455,.289,.667,19.3,8.0,4.9,1.1,5.7,.055,-2.3,-0.4
504,9,TOR,Jakob Poeltl,Utah,6,368,7012,2365,2066,464,.631,.500,.512,19.1,6.4,5.6,1.3,23.9,.163,0.8,4.9
505,10,MIL,Thon Maker,,5,263,3624,1216,726,161,.435,.327,.680,13.8,4.6,2.8,0.6,6.6,.087,-2.1,-0.1
506,11,ORL,Domantas Sabonis,Gonzaga,6,384,10727,5357,3430,1299,.531,.317,.729,27.9,14.0,8.9,3.4,32.0,.143,1.5,9.6
507,12,UTA,Taurean Prince,Baylor,6,325,8129,3508,1318,598,.409,.367,.821,25.0,10.8,4.1,1.8,6.5,.038,-2.0,0.0
508,13,PHO,Georgios Papagiannis,,2,39,477,160,123,29,.514,.000,.857,12.2,4.1,3.2,0.7,0.4,.044,-3.9,-0.2
509,14,CHI,Denzel Valentine,Michigan State,5,250,4710,1756,833,460,.392,.356,.787,18.8,7.0,3.3,1.8,4.2,.043,-2.0,0.0
510,15,DEN,Juan Hernangómez,,6,272,4273,1472,925,172,.427,.348,.695,15.7,5.4,3.4,0.6,7.1,.079,-2.1,-0.1
511,16,BOS,Guerschon Yabusele,,2,74,486,173,105,31,.442,.323,.682,6.6,2.3,1.4,0.4,1.1,.105,-1.9,0.0
512,17,MEM,Wade Baldwin,Vanderbilt,3,56,579,174,69,78,.355,.250,.776,10.3,3.1,1.2,1.4,-0.3,-.028,-5.3,-0.5
513,18,DET,Henry Ellenson,Marquette,5,83,787,342,206,49,.371,.336,.773,9.5,4.1,2.5,0.6,0.4,.023,-3.7,-0.3
514,19,DEN,Malik Beasley,Florida State,6,285,5768,2842,687,346,.435,.383,.809,20.2,10.0,2.4,1.2,8.3,.069,-1.2,1.1
515,20,IND,Caris LeVert,Michigan,6,283,7648,4039,1065,1086,.436,.332,.737,27.0,14.3,3.8,3.8,10.6,.066,-0.5,2.9
516,21,ATL,DeAndre' Bembry,Saint Joseph's,6,266,5153,1611,872,496,.468,.277,.603,19.4,6.1,3.3,1.9,3.4,.032,-2.5,-0.7
517,22,CHO,Malachi Richardson,Syracuse,3,70,625,198,70,24,.358,.301,.783,8.9,2.8,1.0,0.3,-0.1,-.009,-6.1,-0.7
518,23,BOS,Ante Žižić,,3,113,1517,674,446,64,.581,,.711,13.4,6.0,3.9,0.6,3.5,.110,-2.6,-0.2
519,24,PHI,Timothé Luwawu-Cabarrot,,6,297,4814,1792,603,265,.390,.333,.828,16.2,6.0,2.0,0.9,4.2,.041,-4.2,-2.7
520,25,LAC,Brice Johnson,UNC,2,21,107,47,34,3,.449,.000,.600,5.1,2.2,1.6,0.1,0.1,.062,-0.6,0.0
521,26,PHI,Furkan Korkmaz,,5,216,3980,1734,476,282,.406,.365,.762,18.4,8.0,2.2,1.3,6.2,.074,-1.5,0.5
522,27,TOR,Pascal Siakam,New Mexico State,6,349,9788,5064,2071,944,.487,.323,.779,28.0,14.5,5.9,2.7,26.6,.130,1.1,7.7
523,28,PHO,Skal Labissière,Kentucky,4,148,2595,1069,662,152,.492,.353,.748,17.5,7.2,4.5,1.0,4.4,.081,-2.3,-0.2
524,29,SAS,Dejounte Murray,Washington,5,279,6817,3034,1581,1139,.450,.334,.752,24.4,10.9,5.7,4.1,11.2,.079,0.6,4.4
525,30,GSW,Damian Jones,Vanderbilt,6,156,2131,700,476,102,.665,.250,.686,13.7,4.5,3.1,0.7,6.3,.142,-1.5,0.3
528,31,BOS,Deyonta Davis,Michigan State,3,107,1299,454,346,47,.599,.000,.635,12.1,4.2,3.2,0.4,3.6,.131,-2.1,0.0
529,32,LAL,Ivica Zubac,,6,313,5712,2499,1936,321,.595,.100,.765,18.2,8.0,6.2,1.0,22.1,.186,0.5,3.7
530,33,LAC,Cheick Diallo,Kansas,4,180,2155,947,747,78,.598,.286,.772,12.0,5.3,4.2,0.4,6.3,.140,-1.3,0.4
531,34,PHO,Tyler Ulis,Kentucky,3,133,2782,998,223,537,.403,.280,.808,20.9,7.5,1.7,4.0,0.5,.008,-3.6,-1.1
532,35,BOS,Rade Zagorac,,,,,,,,,,,,,,,,,,
533,36,MIL,Malcolm Brogdon,Virginia,6,322,9729,4965,1351,1540,.464,.378,.883,30.2,15.4,4.2,4.8,24.3,.120,1.1,7.5
534,37,HOU,Chinanu Onuaku,Louisville,2,6,74,18,14,4,.583,,1.000,12.3,3.0,2.3,0.7,0.1,.043,-5.4,-0.1
535,38,MIL,Patrick McCaw,UNLV,5,199,3373,760,319,270,.420,.305,.785,16.9,3.8,1.6,1.4,4.4,.062,-2.8,-0.6
536,39,NOP,David Michineau,,,,,,,,,,,,,,,,,,
537,40,NOP,Diamond Stone,Maryland,1,7,24,10,6,0,.231,,1.000,3.4,1.4,0.9,0.0,-0.1,-.211,-20.8,-0.1
538,41,ORL,Stephen Zimmerman,UNLV,1,19,108,23,35,4,.323,,.600,5.7,1.2,1.8,0.2,0.0,-.005,-8.3,-0.2
539,42,UTA,Isaiah Whitehead,Seton Hall,2,89,1823,643,210,212,.411,.305,.788,20.5,7.2,2.4,2.4,-0.9,-.025,-5.0,-1.4
540,43,HOU,Zhou Qi,,2,19,125,24,22,2,.212,.105,.667,6.6,1.3,1.2,0.1,-0.2,-.093,-9.6,-0.2
541,44,ATL,Isaïa Cordinier,,,,,,,,,,,,,,,,,,
542,45,BOS,Demetrius Jackson,Notre Dame,3,26,136,48,19,17,.486,.286,.667,5.2,1.8,0.7,0.7,0.2,.087,-0.5,0.1
543,46,DAL,A.J. Hammons,Purdue,1,22,163,48,36,4,.405,.500,.450,7.4,2.2,1.6,0.2,0.0,-.001,-6.6,-0.2
544,47,ORL,Jake Layman,Maryland,6,219,2914,1104,388,119,.462,.306,.719,13.3,5.0,1.8,0.5,3.6,.060,-2.4,-0.2
545,48,CHI,Paul Zipser,,2,98,1667,458,256,82,.371,.335,.769,17.0,4.7,2.6,0.8,0.0,-.001,-5.2,-1.4
546,49,DET,Michael Gbinije,Syracuse,1,9,32,4,3,2,.100,.000,1.000,3.6,0.4,0.3,0.2,-0.1,-.136,-12.1,-0.1
547,50,IND,Georges Niang,Iowa State,6,257,3380,1448,486,187,.438,.400,.868,13.2,5.6,1.9,0.7,6.4,.090,-0.8,1.0
548,51,BOS,Ben Bentil,Providence,1,3,10,0,2,0,.000,.000,,3.3,0.0,0.7,0.0,-0.1,-.473,-25.9,-0.1
549,52,UTA,Joel Bolomboy,Weber State,2,18,91,31,27,2,.545,.200,.500,5.1,1.7,1.5,0.1,0.3,.132,-0.1,0.0
550,53,DEN,Petr Cornelie,,1,9,28,8,12,3,.333,.000,,3.1,0.9,1.3,0.3,0.0,-.043,-11.1,-0.1
551,54,ATL,Kay Felder,Oakland,2,58,526,223,59,78,.364,.268,.754,9.1,3.8,1.0,1.3,-0.4,-.041,-4.7,-0.4
552,55,BRK,Marcus Paige,UNC,1,5,28,12,4,3,.286,.250,1.000,5.6,2.4,0.8,0.6,0.0,-.006,-8.8,0.0
553,56,DEN,Daniel Hamilton,UConn,2,25,232,69,52,30,.394,.357,.500,9.3,2.8,2.1,1.2,0.0,.000,-3.3,-0.1
554,57,MEM,Wang Zhelin,,,,,,,,,,,,,,,,,,
555,58,BOS,Abdel Nader,Iowa State,5,202,2583,926,376,110,.428,.357,.718,12.8,4.6,1.9,0.5,2.8,.052,-2.7,-0.5
556,59,SAC,Isaiah Cousins,Oklahoma,,,,,,,,,,,,,,,,,
557,60,UTA,Tyrone Wallace,California,3,106,1639,549,228,126,.425,.203,.671,15.5,5.2,2.2,1.2,0.2,.006,-5.1,-1.3
558,1,PHI,Markelle Fultz,Washington,4,113,2891,1228,376,524,.447,.265,.695,25.6,10.9,3.3,4.6,3.1,.052,-2.2,-0.2
559,2,LAL,Lonzo Ball,UCLA,5,244,7933,2885,1405,1518,.399,.362,.569,32.5,11.8,5.8,6.2,11.0,.067,0.9,5.7
560,3,BOS,Jayson Tatum,Duke,5,317,10470,6327,2052,873,.453,.388,.836,33.0,20.0,6.5,2.8,27.6,.127,2.1,10.8
561,4,PHO,Josh Jackson,Kansas,5,263,6305,3101,1090,516,.417,.298,.677,24.0,11.8,4.1,2.0,-1.5,-.012,-3.8,-2.9
562,5,SAC,De'Aaron Fox,Kentucky,5,292,9235,5398,1013,1821,.458,.318,.721,31.6,18.5,3.5,6.2,14.7,.076,0.0,4.7
563,6,ORL,Jonathan Isaac,Florida State,3,136,3512,1269,741,146,.435,.330,.797,25.8,9.3,5.4,1.1,6.7,.091,0.2,2.0
564,7,MIN,Lauri Markkanen,Arizona,5,242,7146,3732,1668,300,.438,.365,.844,29.5,15.4,6.9,1.2,13.3,.089,-0.2,3.2
565,8,NYK,Frank Ntilikina,,5,232,4368,1240,448,587,.365,.329,.765,18.8,5.3,1.9,2.5,-0.1,-.001,-4.4,-2.6
566,9,DAL,Dennis Smith Jr.,NC State,5,195,4792,2203,584,835,.401,.315,.655,24.6,11.3,3.0,4.3,-0.8,-.008,-2.4,-0.5
567,10,SAC,Zach Collins,Gonzaga,3,154,2691,881,614,139,.444,.324,.722,17.5,5.7,4.0,0.9,3.9,.069,-2.6,-0.4
568,11,CHO,Malik Monk,Kentucky,5,261,4825,2400,538,471,.408,.341,.840,18.5,9.2,2.1,1.8,3.0,.030,-2.6,-0.7
569,12,DET,Luke Kennard,Duke,5,256,5885,2463,719,515,.448,.420,.867,23.0,9.6,2.8,2.0,11.7,.096,-0.6,2.1
570,13,DEN,Donovan Mitchell,Louisville,5,304,10213,7147,1247,1315,.441,.361,.832,33.6,23.5,4.1,4.3,25.1,.118,2.0,10.4
571,14,MIA,Bam Adebayo,Kentucky,5,305,8433,3886,2469,1056,.555,.156,.740,27.6,12.7,8.1,3.5,30.1,.171,2.7,9.9
572,15,POR,Justin Jackson,UNC,4,248,4742,1641,630,274,.427,.321,.797,19.1,6.6,2.5,1.1,5.3,.053,-2.8,-1.0
573,16,CHI,Justin Patton,Creighton,4,22,296,86,60,19,.404,.250,.667,13.5,3.9,2.7,0.9,0.4,.066,-2.6,0.0
574,17,MIL,D.J. Wilson,Michigan,4,142,1749,617,436,103,.411,.329,.598,12.3,4.3,3.1,0.7,2.4,.067,-2.9,-0.4
575,18,IND,T.J. Leaf,UCLA,4,146,1238,477,283,43,.492,.341,.585,8.5,3.3,1.9,0.3,2.7,.104,-1.8,0.1
576,19,ATL,John Collins,Wake Forest,5,267,7731,4440,2238,416,.566,.383,.778,29.0,16.6,8.4,1.6,26.8,.166,1.5,6.9
577,20,POR,Harry Giles,Duke,3,142,1835,832,543,174,.511,.258,.671,12.9,5.9,3.8,1.2,3.0,.079,-2.5,-0.2
578,21,OKC,Terrance Ferguson,,4,204,4000,924,263,144,.404,.334,.753,19.6,4.5,1.3,0.7,4.4,.053,-4.0,-2.1
579,22,BRK,Jarrett Allen,Texas,5,312,8137,3497,2659,428,.623,.198,.698,26.1,11.2,8.5,1.4,31.2,.184,1.5,7.2
580,23,TOR,OG Anunoby,Indiana,5,268,6892,2624,1063,345,.474,.374,.707,25.7,9.8,4.0,1.3,15.1,.105,0.0,3.6
581,24,UTA,Tyler Lydon,Syracuse,2,26,96,23,18,6,.500,.400,.333,3.7,0.9,0.7,0.2,0.2,.084,-4.3,-0.1
582,25,ORL,Anžejs Pasečņiks,,2,28,443,156,108,19,.521,.000,.586,15.8,5.6,3.9,0.7,0.4,.038,-6.2,-0.5
583,26,POR,Caleb Swanigan,Purdue,3,75,655,169,218,56,.438,.118,.614,8.7,2.3,2.9,0.7,-0.2,-.015,-6.2,-0.7
584,27,BRK,Kyle Kuzma,Utah,5,304,9108,4564,1778,608,.445,.339,.721,30.0,15.0,5.8,2.0,13.1,.069,-1.2,1.8
585,28,LAL,Tony Bradley,UNC,5,133,1677,683,626,72,.637,.429,.679,12.6,5.1,4.7,0.5,6.7,.192,0.4,1.0
586,29,SAS,Derrick White,Colorado,5,215,5450,2415,707,780,.446,.343,.830,25.3,11.2,3.3,3.6,12.0,.106,1.0,4.2
587,30,UTA,Josh Hart,Villanova,5,265,6994,2371,1470,485,.440,.347,.741,26.4,8.9,5.5,1.8,13.0,.089,-0.7,2.3
590,31,CHO,Frank Jackson,Duke,4,187,3301,1542,341,189,.428,.346,.778,17.7,8.2,1.8,1.0,2.2,.032,-4.0,-1.7
591,32,PHO,Davon Reed,Miami (FL),3,37,388,94,68,24,.318,.320,.714,10.5,2.5,1.8,0.6,0.0,-.002,-4.8,-0.3
592,33,ORL,Wesley Iwundu,Kansas State,4,223,3745,967,542,208,.407,.286,.799,16.8,4.3,2.4,0.9,4.2,.053,-3.8,-1.8
593,34,SAC,Frank Mason III,Kansas,4,103,1616,695,204,272,.396,.301,.755,15.7,6.7,2.0,2.6,1.2,.035,-2.7,-0.3
594,35,ORL,Ivan Rabb,California,2,85,1237,485,364,86,.555,.200,.743,14.6,5.7,4.3,1.0,3.2,.125,-1.7,0.1
595,36,PHI,Jonah Bolden,,2,51,686,217,174,40,.486,.340,.484,13.5,4.3,3.4,0.8,1.4,.098,-1.3,0.1
596,37,BOS,Semi Ojeleye,SMU,5,265,3923,910,579,121,.386,.342,.698,14.8,3.4,2.2,0.5,5.0,.061,-3.5,-1.5
597,38,CHI,Jordan Bell,Oregon,4,160,1935,593,496,201,.552,.200,.636,12.1,3.7,3.1,1.3,4.9,.121,0.2,1.1
598,39,PHI,Jawun Evans,Oklahoma State,2,56,843,237,96,110,.345,.263,.776,15.1,4.2,1.7,2.0,-0.4,-.022,-5.4,-0.7
599,40,NOP,Dwayne Bacon,Florida State,4,207,4012,1503,537,230,.402,.314,.780,19.4,7.3,2.6,1.1,0.8,.010,-5.0,-3.1
600,41,ATL,Tyler Dorsey,Oregon,2,104,1672,701,243,135,.389,.350,.669,16.1,6.7,2.3,1.3,1.0,.030,-3.1,-0.5
601,42,UTA,Thomas Bryant,Indiana,4,143,2986,1532,863,196,.600,.362,.748,20.9,10.7,6.0,1.4,10.5,.169,1.8,2.8
602,43,HOU,Isaiah Hartenstein,,4,125,1503,610,449,140,.596,.300,.667,12.0,4.9,3.6,1.1,5.6,.179,0.6,1.0
603,44,NYK,Damyean Dotson,Oregon,4,211,4221,1590,530,314,.417,.346,.711,20.0,7.5,2.5,1.5,3.0,.034,-2.8,-0.9
604,45,HOU,Dillon Brooks,Oregon,5,255,7206,3640,780,501,.420,.351,.798,28.3,14.3,3.1,2.0,4.3,.029,-4.1,-3.8
605,46,PHI,Sterling Brown,SMU,5,235,4062,1330,798,247,.422,.367,.787,17.3,5.7,3.4,1.1,5.9,.070,-2.2,-0.2
606,47,IND,Ike Anigbogu,UCLA,2,14,36,13,12,1,.333,,.833,2.6,0.9,0.9,0.1,0.0,.057,-1.1,0.0
607,48,MIL,Sindarius Thornwell,South Carolina,4,160,1721,401,206,111,.407,.340,.672,10.8,2.5,1.3,0.7,1.1,.032,-3.1,-0.5
608,49,DEN,Vlatko Čančar,,3,63,384,123,69,23,.437,.318,.826,6.1,2.0,1.1,0.4,0.5,.060,-2.9,-0.1
609,50,PHI,Mathias Lessort,,,,,,,,,,,,,,,,,,
610,51,DEN,Monte Morris,Iowa State,5,233,5677,2360,505,830,.480,.389,.810,24.4,10.1,2.2,3.6,14.6,.123,0.1,3.0
611,52,NOP,Edmond Sumner,Xavier,4,108,1520,619,165,114,.474,.333,.728,14.1,5.7,1.5,1.1,1.9,.061,-3.2,-0.5
612,53,BOS,Kadeem Allen,Arizona,3,47,640,258,71,109,.435,.349,.757,13.6,5.5,1.5,2.3,1.0,.075,-1.0,0.2
613,54,PHO,Alec Peters,Valparaiso,1,20,225,82,37,12,.378,.310,.800,11.3,4.1,1.9,0.6,0.3,.055,-2.8,0.0
614,55,UTA,Nigel Williams-Goss,Gonzaga,1,10,50,14,6,6,.313,.286,1.000,5.0,1.4,0.6,0.6,0.0,.017,-3.9,0.0
615,56,BOS,Jabari Bird,California,1,13,115,39,19,8,.577,.429,.462,8.8,3.0,1.5,0.6,0.2,.098,-3.1,0.0
616,57,BRK,Sasha Vezenkov,,,,,,,,,,,,,,,,,,
617,58,NYK,Ognjen Jaramaz,,,,,,,,,,,,,,,,,,
618,59,SAS,Jaron Blossomgame,Clemson,1,27,439,114,98,13,.443,.256,.769,16.3,4.2,3.6,0.5,0.3,.030,-3.8,-0.2
619,60,ATL,Alpha Kaba,,,,,,,,,,,,,,,,,,
620,1,PHO,Deandre Ayton,Arizona,4,198,6159,3183,2114,328,.591,.186,.745,31.1,16.1,10.7,1.7,19.9,.155,0.7,4.1
621,2,SAC,Marvin Bagley III,Duke,4,131,3268,1821,973,123,.498,.311,.662,24.9,13.9,7.4,0.9,5.9,.087,-2.1,-0.1
622,3,ATL,Luka Dončić,,4,220,7362,5653,1831,1712,.456,.331,.733,33.5,25.7,8.3,7.8,22.9,.149,6.0,14.9
623,4,MEM,Jaren Jackson Jr.,Michigan State,4,154,4155,2406,745,181,.469,.367,.778,27.0,15.6,4.8,1.2,9.3,.107,-0.1,2.0
624,5,DAL,Trae Young,Oklahoma,4,232,7705,5678,915,2066,.435,.348,.864,33.2,24.5,3.9,8.9,19.9,.124,2.5,8.6
625,6,ORL,Mo Bamba,Texas,4,182,3143,1270,1032,162,.468,.325,.655,17.3,7.0,5.7,0.9,7.4,.113,-0.2,1.4
626,7,CHI,Wendell Carter Jr.,Duke,4,170,4595,1920,1449,307,.506,.295,.745,27.0,11.3,8.5,1.8,10.8,.113,-1.3,0.8
627,8,CLE,Collin Sexton,Alabama,4,218,7179,4356,663,720,.458,.378,.827,32.9,20.0,3.0,3.3,5.6,.037,-2.5,-0.9
628,9,NYK,Kevin Knox,Kentucky,4,190,3859,1578,594,165,.369,.347,.701,20.3,8.3,3.1,0.9,-0.4,-.005,-4.6,-2.6
629,10,PHI,Mikal Bridges,Villanova,4,255,7770,2661,975,504,.501,.377,.834,30.5,10.4,3.8,2.0,18.7,.116,0.7,5.3
630,11,CHO,Shai Gilgeous-Alexander,Kentucky,4,211,6619,3571,921,826,.470,.359,.807,31.4,16.9,4.4,3.9,14.3,.104,1.2,5.3
631,12,LAC,Miles Bridges,Michigan State,4,241,6720,2874,1301,465,.463,.349,.801,27.9,11.9,5.4,1.9,11.1,.079,-0.8,2.0
632,13,LAC,Jerome Robinson,Boston College,3,113,1604,514,208,131,.363,.310,.721,14.2,4.5,1.8,1.2,-0.1,-.003,-4.8,-1.1
633,14,DEN,Michael Porter Jr.,Missouri,3,125,3080,1763,763,133,.518,.419,.795,24.6,14.1,6.1,1.1,9.6,.150,1.8,2.9
634,15,WAS,Troy Brown Jr.,Oregon,4,173,3266,1203,678,302,.431,.325,.751,18.9,7.0,3.9,1.7,3.8,.056,-2.2,-0.2
635,16,PHO,Zhaire Smith,Texas Tech,2,13,143,48,15,12,.378,.316,.667,11.0,3.7,1.2,0.9,0.0,.011,-6.1,-0.2
636,17,MIL,Donte DiVincenzo,Villanova,3,159,3745,1429,763,388,.432,.349,.728,23.6,9.0,4.8,2.4,8.5,.108,0.3,2.2
637,18,SAS,Lonnie Walker,Miami (FL),4,164,3209,1378,386,239,.412,.350,.795,19.6,8.4,2.4,1.5,1.0,.015,-3.7,-1.4
638,19,ATL,Kevin Huerter,Maryland,4,227,6675,2521,794,739,.427,.376,.788,29.4,11.1,3.5,3.3,7.6,.054,-1.5,0.8
639,20,MIN,Josh Okogie,Georgia Tech,4,214,4765,1467,684,270,.401,.272,.754,22.3,6.9,3.2,1.3,4.9,.049,-3.1,-1.3
640,21,UTA,Grayson Allen,Duke,4,155,3228,1440,372,222,.426,.389,.835,20.8,9.3,2.4,1.4,6.1,.090,-1.3,0.6
641,22,CHI,Chandler Hutchison,Boise State,4,102,1782,558,376,78,.442,.309,.643,17.5,5.5,3.7,0.8,1.1,.031,-4.0,-0.9
642,23,IND,Aaron Holiday,UCLA,4,211,3917,1574,360,486,.410,.371,.828,18.6,7.5,1.7,2.3,3.7,.045,-2.5,-0.5
643,24,POR,Anfernee Simons,,4,179,3294,1475,372,252,.418,.384,.813,18.4,8.2,2.1,1.4,3.0,.043,-2.8,-0.7
644,25,LAL,Moritz Wagner,Michigan,4,159,2306,1073,516,150,.476,.327,.810,14.5,6.7,3.2,0.9,3.7,.077,-2.6,-0.4
645,26,PHI,Landry Shamet,Wichita State,4,220,5219,1999,409,359,.411,.396,.836,23.7,9.1,1.9,1.6,9.1,.084,-2.0,0.0
646,27,BOS,Robert Williams,Texas A&M,4,134,2228,840,737,152,.726,.000,.632,16.6,6.3,5.5,1.1,11.1,.239,4.5,3.6
647,28,GSW,Jacob Evans,Cincinnati,2,59,622,168,66,54,.337,.315,.833,10.5,2.8,1.1,0.9,-0.6,-.047,-7.4,-0.8
648,29,BRK,Džanan Musa,,2,49,526,211,91,45,.376,.227,.726,10.7,4.3,1.9,0.9,0.0,.003,-4.6,-0.4
649,30,ATL,Omari Spellman,Villanova,2,95,1691,642,413,94,.417,.366,.766,17.8,6.8,4.3,1.0,2.4,.068,-1.5,0.2
652,31,PHO,Elie Okobo,,2,108,1677,523,188,242,.395,.315,.737,15.5,4.8,1.7,2.2,0.5,.014,-4.1,-0.9
653,32,MEM,Jevon Carter,West Virginia,4,184,2556,770,316,253,.374,.371,.800,13.9,4.2,1.7,1.4,3.4,.065,-1.1,0.6
654,33,DAL,Jalen Brunson,Villanova,4,225,5105,2400,642,792,.491,.367,.774,22.7,10.7,2.9,3.5,12.2,.115,-0.4,2.1
655,34,ATL,Devonte' Graham,Kansas,4,191,5386,2537,489,1008,.374,.363,.817,28.2,13.3,2.6,5.3,8.1,.072,-0.5,2.0
656,35,ORL,Melvin Frazier,Tulane,2,29,170,55,15,4,.400,.364,.375,5.9,1.9,0.5,0.1,0.0,.008,-5.4,-0.2
657,36,NYK,Mitchell Robinson,,4,184,4256,1515,1300,105,.711,,.578,23.1,8.2,7.1,0.6,19.1,.215,2.0,4.3
658,37,SAC,Gary Trent Jr.,Duke,4,160,4149,1912,345,198,.421,.391,.804,25.9,12.0,2.2,1.2,6.3,.073,-1.3,0.7
659,38,PHI,Khyri Thomas,Creighton,3,39,409,160,39,36,.388,.316,.750,10.5,4.1,1.0,0.9,0.5,.058,-2.7,-0.1
660,39,PHI,Isaac Bonga,,4,138,1856,438,319,117,.433,.302,.763,13.4,3.2,2.3,0.8,1.7,.043,-3.8,-0.8
661,40,BRK,Rodions Kurucs,,3,131,2103,780,406,113,.444,.329,.739,16.1,6.0,3.1,0.9,2.3,.052,-2.8,-0.4
662,41,ORL,Jarred Vanderbilt,Kentucky,4,119,1904,547,622,113,.585,.188,.617,16.0,4.6,5.2,0.9,5.4,.135,-0.5,0.7
663,42,DET,Bruce Brown,Miami (FL),4,221,5073,1574,911,452,.471,.300,.741,23.0,7.1,4.1,2.0,9.1,.086,-1.6,0.5
664,43,DEN,Justin Jackson,Maryland,,,,,,,,,,,,,,,,,
665,44,WAS,Issuf Sanon,,,,,,,,,,,,,,,,,,
666,45,BRK,Hamidou Diallo,Kentucky,4,169,2971,1256,594,169,.471,.292,.636,17.6,7.4,3.5,1.0,3.6,.058,-3.0,-0.7
667,46,HOU,De'Anthony Melton,USC,4,188,3828,1439,620,534,.412,.349,.769,20.4,7.7,3.3,2.8,5.0,.063,-0.2,1.7
668,47,LAL,Svi Mykhailiuk,Kansas,4,192,3530,1385,374,285,.403,.358,.780,18.4,7.2,1.9,1.5,2.6,.035,-2.6,-0.5
669,48,MIN,Keita Bates-Diop,Ohio State,4,125,1795,597,332,70,.433,.294,.690,14.4,4.8,2.7,0.6,2.1,.056,-2.7,-0.3
670,49,SAS,Chimezie Metu,USC,4,99,1093,472,282,66,.460,.291,.733,11.0,4.8,2.8,0.7,0.9,.041,-3.3,-0.4
671,50,IND,Alize Johnson,Missouri State,4,65,492,169,193,30,.500,.278,.737,7.6,2.6,3.0,0.5,1.4,.138,-1.6,0.1
672,51,NOP,Tony Carr,Penn State,,,,,,,,,,,,,,,,,
673,52,UTA,Vince Edwards,Purdue,1,2,16,3,2,0,.250,.250,,8.0,1.5,1.0,0.0,0.0,-.014,-6.4,0.0
674,53,OKC,Devon Hall,Virginia,1,11,81,20,7,13,.200,.235,.500,7.4,1.8,0.6,1.2,-0.2,-.116,-6.4,-0.1
675,54,DAL,Shake Milton,SMU,4,148,3170,1560,349,387,.452,.365,.821,21.4,10.5,2.4,2.6,6.1,.093,-1.8,0.2
676,55,CHO,Arnoldas Kulboka,,1,1,3,0,0,0,,,,3.0,0.0,0.0,0.0,0.0,-.038,-11.2,0.0
677,56,PHI,Ray Spalding,Louisville,2,16,167,58,52,5,.529,.000,.286,10.4,3.6,3.3,0.3,0.1,.024,-5.7,-0.2
678,57,OKC,Kevin Hervey,UT Arlington,1,10,52,17,12,5,.259,.150,,5.2,1.7,1.2,0.5,-0.1,-.085,-5.1,0.0
679,58,DEN,Thomas Welsh,UCLA,1,11,36,18,4,5,.538,.429,.500,3.3,1.6,0.4,0.5,0.1,.162,1.2,0.0
680,59,PHO,George King,Colorado,1,1,6,0,1,0,,,,6.0,0.0,1.0,0.0,0.0,-.001,-7.9,0.0
681,60,PHI,Kostas Antetokounmpo,Dayton,3,22,87,21,23,3,.375,,.474,4.0,1.0,1.0,0.1,-0.2,-.098,-10.2,-0.2
682,1,NOP,Zion Williamson,Duke,2,85,2694,2187,591,276,.604,.333,.683,31.7,25.7,7.0,3.2,10.6,.189,4.6,4.5
683,2,MEM,Ja Morant,Murray State,3,149,4746,2855,617,1082,.465,.323,.754,31.9,19.2,4.1,7.3,9.1,.092,0.2,2.7
684,3,NYK,RJ Barrett,Duke,3,153,4999,2445,834,412,.421,.366,.690,32.7,16.0,5.5,2.7,4.1,.039,-2.7,-0.9
685,4,LAL,De'Andre Hunter,Virginia,3,97,3002,1241,426,163,.432,.352,.782,30.9,12.8,4.4,1.7,1.7,.028,-3.5,-1.2
686,5,CLE,Darius Garland,Vanderbilt,3,141,4573,2201,324,764,.436,.378,.868,32.4,15.6,2.3,5.4,2.4,.025,-2.6,-0.7
687,6,PHO,Jarrett Culver,Texas Tech,3,108,2106,809,333,148,.412,.287,.503,19.5,7.5,3.1,1.4,0.1,.003,-4.4,-1.3
688,7,CHI,Coby White,UNC,3,143,3988,1955,537,515,.404,.352,.842,27.9,13.7,3.8,3.6,3.1,.037,-2.9,-0.9
689,8,ATL,Jaxson Hayes,Texas,3,144,2278,1033,580,96,.629,.379,.703,15.8,7.2,4.0,0.7,8.0,.168,-0.3,1.0
690,9,WAS,Rui Hachimura,Gonzaga,2,105,3241,1438,606,169,.473,.313,.797,30.9,13.7,5.8,1.6,3.9,.058,-3.3,-1.1
691,10,ATL,Cam Reddish,Duke,3,108,2844,1172,384,144,.384,.323,.828,26.3,10.9,3.6,1.3,0.8,.013,-3.6,-1.2
692,11,MIN,Cameron Johnson,UNC,3,145,3374,1363,491,190,.426,.376,.817,23.3,9.4,3.4,1.3,6.9,.099,0.0,1.7
693,12,CHO,P.J. Washington,Kentucky,3,139,4146,1715,825,321,.449,.387,.698,29.8,12.3,5.9,2.3,5.6,.064,-1.2,0.8
694,13,MIA,Tyler Herro,Kentucky,3,134,3965,2066,623,397,.435,.376,.841,29.6,15.4,4.6,3.0,4.0,.049,-1.4,0.6
695,14,BOS,Romeo Langford,Indiana,3,72,1055,244,146,39,.382,.302,.720,14.7,3.4,2.0,0.5,0.8,.035,-4.2,-0.6
696,15,DET,Sekou Doumbouya,,3,96,1639,542,267,66,.388,.256,.693,17.1,5.6,2.8,0.7,-0.4,-.012,-6.6,-1.9
697,16,ORL,Chuma Okeke,Auburn,2,68,1621,498,272,129,.392,.298,.797,23.8,7.3,4.0,1.9,1.1,.032,-2.4,-0.2
698,17,BRK,Nickeil Alexander-Walker,Virginia Tech,3,123,2445,1179,344,269,.388,.333,.717,19.9,9.6,2.8,2.2,0.5,.010,-3.0,-0.6
699,18,IND,Goga Bitadze,,3,117,1179,448,298,63,.425,.218,.721,10.1,3.8,2.5,0.5,2.3,.093,-2.1,0.0
700,19,SAS,Luka Šamanić,,2,36,356,138,78,21,.430,.294,.576,9.9,3.8,2.2,0.6,0.1,.015,-5.0,-0.3
701,20,BOS,Matisse Thybulle,Washington,3,153,3140,686,280,165,.429,.325,.597,20.5,4.5,1.8,1.1,5.8,.089,0.8,2.2
702,21,OKC,Brandon Clarke,Gonzaga,3,136,3019,1457,756,202,.571,.289,.718,22.2,10.7,5.6,1.5,10.5,.167,2.1,3.1
703,22,BOS,Grant Williams,Tennessee,3,160,2799,740,450,161,.445,.359,.704,17.5,4.6,2.8,1.0,4.5,.077,-2.7,-0.5
704,23,UTA,Darius Bazley,,3,143,3584,1326,812,175,.391,.304,.689,25.1,9.3,5.7,1.2,0.1,.001,-3.4,-1.2
705,24,PHI,Ty Jerome,Virginia,3,86,1416,599,160,190,.411,.363,.785,16.5,7.0,1.9,2.2,1.6,.055,-1.5,0.2
706,25,POR,Nassir Little,UNC,3,121,1787,606,365,66,.460,.307,.735,14.8,5.0,3.0,0.5,2.9,.077,-2.7,-0.3
707,26,CLE,Dylan Windler,Belmont,2,50,709,213,140,51,.439,.349,.774,14.2,4.3,2.8,1.0,1.0,.065,-1.7,0.1
708,27,BRK,Mfiondu Kabengele,Florida State,2,51,344,137,71,19,.388,.314,.840,6.7,2.7,1.4,0.4,0.4,.054,-3.3,-0.1
709,28,GSW,Jordan Poole,Michigan,3,136,3122,1615,306,329,.399,.322,.859,23.0,11.9,2.3,2.4,3.1,.047,-3.1,-0.9
710,29,SAS,Keldon Johnson,Kentucky,3,112,3066,1418,627,183,.487,.383,.724,27.4,12.7,5.6,1.6,5.7,.089,-1.6,0.3
711,30,MIL,Kevin Porter Jr.,USC,3,95,2571,1173,345,383,.417,.319,.702,27.1,12.3,3.6,4.0,-0.4,-.007,-4.1,-1.4
714,31,BRK,Nicolas Claxton,Georgia,3,58,985,357,260,49,.618,.167,.500,17.0,6.2,4.5,0.8,3.0,.146,-0.3,0.4
715,32,PHO,KZ Okpala,Stanford,3,58,636,143,104,30,.385,.247,.600,11.0,2.5,1.8,0.5,0.5,.039,-5.8,-0.6
716,33,PHI,Carsen Edwards,Purdue,2,68,627,244,73,38,.372,.302,.750,9.2,3.6,1.1,0.6,0.4,.030,-4.7,-0.4
717,34,PHI,Bruno Fernando,Maryland,3,97,957,295,278,60,.500,.128,.603,9.9,3.0,2.9,0.6,0.7,.035,-5.0,-0.7
718,35,ATL,Didi Louzada,,2,5,63,8,5,4,.188,.182,,12.6,1.6,1.0,0.8,-0.2,-.117,-10.2,-0.1
719,36,CHO,Cody Martin,Nevada,3,128,2525,704,445,253,.457,.333,.656,19.7,5.5,3.5,2.0,4.0,.076,-1.2,0.5
720,37,DAL,Deividas Sirvydis,,1,20,133,41,29,5,.350,.357,.500,6.7,2.1,1.5,0.3,0.0,-.010,-5.6,-0.1
721,38,CHI,Daniel Gafford,Arkansas,3,124,1973,840,506,77,.683,,.642,15.9,6.8,4.1,0.6,7.6,.185,1.2,1.6
722,39,NOP,Alen Smailagić,,2,29,223,87,43,17,.463,.304,.720,7.7,3.0,1.5,0.6,0.3,.056,-3.4,-0.1
723,40,SAC,Justin James,Wyoming,2,72,542,228,62,40,.446,.343,.544,7.5,3.2,0.9,0.6,0.3,.024,-3.2,-0.2
724,41,GSW,Eric Paschall,Villanova,3,123,2593,1295,444,192,.492,.300,.751,21.1,10.5,3.6,1.6,3.5,.064,-2.8,-0.5
725,42,PHI,Admiral Schofield,Tennessee,1,33,368,99,47,15,.380,.311,.667,11.2,3.0,1.4,0.5,0.1,.017,-5.5,-0.3
726,43,MIN,Jaylen Nowell,Washington,3,71,1006,478,120,96,.411,.300,.829,14.2,6.7,1.7,1.4,1.0,.046,-3.1,-0.3
727,44,MIA,Bol Bol,Oregon,3,50,298,124,57,17,.451,.361,.679,6.0,2.5,1.1,0.3,0.2,.029,-3.2,-0.1
728,45,DET,Isaiah Roby,Nebraska,3,77,1600,616,378,117,.486,.298,.754,20.8,8.0,4.9,1.5,1.6,.049,-3.3,-0.5
729,46,ORL,Talen Horton-Tucker,Iowa State,3,86,1817,788,244,230,.446,.283,.778,21.1,9.2,2.8,2.7,2.7,.072,-1.7,0.1
730,47,SAC,Ignas Brazdeikis,Michigan,3,35,412,132,68,27,.360,.273,.760,11.8,3.8,1.9,0.8,-0.2,-.018,-6.9,-0.5
731,48,LAC,Terance Mann,Florida State,3,136,2414,844,452,221,.491,.388,.792,17.8,6.2,3.3,1.6,6.5,.129,-0.8,0.7
732,49,SAS,Quinndary Weatherspoon,Mississippi State,2,31,199,58,18,19,.404,.182,.778,6.4,1.9,0.6,0.6,-0.1,-.014,-6.0,-0.2
733,50,IND,Jarrell Brantley,College of Charleston,2,37,234,88,47,26,.438,.366,.750,6.3,2.4,1.3,0.7,0.5,.099,-0.6,0.1
734,51,BOS,Tremont Waters,LSU,2,37,357,139,33,78,.361,.306,.960,9.6,3.8,0.9,2.1,0.1,.019,-2.3,0.0
735,52,CHO,Jalen McDaniels,San Diego State,3,86,1561,570,316,88,.481,.369,.697,18.2,6.6,3.7,1.0,2.4,.074,-2.9,-0.4
736,53,UTA,Justin Wright-Foreman,Hofstra,1,4,45,19,5,7,.350,.200,.750,11.3,4.8,1.3,1.8,0.0,-.008,-9.0,-0.1
737,54,PHI,Marial Shayok,Iowa State,1,4,28,11,7,1,.250,.333,.750,7.0,2.8,1.8,0.3,-0.1,-.130,-13.0,-0.1
738,55,NYK,Kyle Guy,Virginia,2,34,245,91,36,33,.333,.265,.800,7.2,2.7,1.1,1.0,-0.1,-.016,-6.6,-0.3
739,56,LAC,Jaylen Hands,UCLA,,,,,,,,,,,,,,,,,
740,57,NOP,Jordan Bone,Tennessee,2,24,249,68,28,26,.378,.286,,10.4,2.8,1.2,1.1,0.1,.010,-5.9,-0.2
741,58,GSW,Miye Oni,Yale,3,78,669,145,106,37,.355,.336,.750,8.6,1.9,1.4,0.5,1.0,.073,-2.8,-0.1
742,59,TOR,Dewan Hernandez,Miami (FL),1,6,28,14,14,3,.357,.500,.600,4.7,2.3,2.3,0.5,0.0,.043,-9.6,-0.1
743,60,SAC,Vanja Marinković,,,,,,,,,,,,,,,,,,
